<airfoil>
  <elements>
    <element>
      <coordinates>
        <point>
          <x>0.11198994930571134</x>
          <y>-0.01627792416019331</y>
        </point>
        <point>
          <x>0.11075244279219128</x>
          <y>-0.016785516393974916</y>
        </point>
        <point>
          <x>0.10886819535820254</x>
          <y>-0.017397919702511772</y>
        </point>
        <point>
          <x>0.10634767230692214</x>
          <y>-0.01796694844200053</y>
        </point>
        <point>
          <x>0.1032835598653065</x>
          <y>-0.01841468374096203</y>
        </point>
        <point>
          <x>0.0997427258655712</x>
          <y>-0.018724045581399153</y>
        </point>
        <point>
          <x>0.09577478724128627</x>
          <y>-0.018877831896485106</y>
        </point>
        <point>
          <x>0.09143629301694692</x>
          <y>-0.018858663657805287</y>
        </point>
        <point>
          <x>0.086780423804506</x>
          <y>-0.01865674686146347</y>
        </point>
        <point>
          <x>0.08186681633483642</x>
          <y>-0.018265497258770715</y>
        </point>
        <point>
          <x>0.07675383808013025</x>
          <y>-0.017687361845825027</y>
        </point>
        <point>
          <x>0.0715005094461727</x>
          <y>-0.016928332992854574</y>
        </point>
        <point>
          <x>0.06616521620940857</x>
          <y>-0.015998918692481007</y>
        </point>
        <point>
          <x>0.06080426329667374</x>
          <y>-0.014916241713581068</y>
        </point>
        <point>
          <x>0.055473479662798794</x>
          <y>-0.01370081154182659</y>
        </point>
        <point>
          <x>0.05022499023114907</x>
          <y>-0.012374919502080861</y>
        </point>
        <point>
          <x>0.04510416479575237</x>
          <y>-0.010967965971720253</y>
        </point>
        <point>
          <x>0.04015750205623488</x>
          <y>-0.009509509985456223</y>
        </point>
        <point>
          <x>0.0354219934954306</x>
          <y>-0.008031228036114583</y>
        </point>
        <point>
          <x>0.030934313281503294</x>
          <y>-0.006567054427717868</y>
        </point>
        <point>
          <x>0.026720658117561306</x>
          <y>-0.005151753359469493</y>
        </point>
        <point>
          <x>0.02280706604937784</x>
          <y>-0.0038212179361712395</y>
        </point>
        <point>
          <x>0.01921006790593391</x>
          <y>-0.0026134587207392304</y>
        </point>
        <point>
          <x>0.015916580568740957</x>
          <y>-0.001588801986144819</y>
        </point>
        <point>
          <x>0.012883070995720723</x>
          <y>-0.0007457343760478769</y>
        </point>
        <point>
          <x>0.010110399609620244</x>
          <y>-3.7177474239949347e-05</y>
        </point>
        <point>
          <x>0.007629504529347968</x>
          <y>0.00054403268455016</y>
        </point>
        <point>
          <x>0.0054665092410013955</x>
          <y>0.0009953758872136439</y>
        </point>
        <point>
          <x>0.003644803447476011</x>
          <y>0.0013112625185167873</y>
        </point>
        <point>
          <x>0.0021853786873881763</x>
          <y>0.0014772303757740475</y>
        </point>
        <point>
          <x>0.0011171105342901082</x>
          <y>0.0014857676514778715</y>
        </point>
        <point>
          <x>0.0004757272932742746</x>
          <y>0.0012224887337042958</y>
        </point>
        <point>
          <x>0.00013867861131607742</x>
          <y>0.0006263351179388271</y>
        </point>
        <point>
          <x>-2.2596477654989524e-05</x>
          <y>-0.00020173848318451182</y>
        </point>
        <point>
          <x>1.1087340594043231e-05</x>
          <y>-0.0011907513700510919</y>
        </point>
        <point>
          <x>0.00024641197838984785</x>
          <y>-0.002301350504053218</y>
        </point>
        <point>
          <x>0.0006918411872505431</x>
          <y>-0.003497886878048483</y>
        </point>
        <point>
          <x>0.0013527876208220462</x>
          <y>-0.004750038698216114</y>
        </point>
        <point>
          <x>0.0022533793559172005</x>
          <y>-0.0060335680622270425</y>
        </point>
        <point>
          <x>0.0034050641058547557</x>
          <y>-0.007348932637833848</y>
        </point>
        <point>
          <x>0.004791225601329417</x>
          <y>-0.008691494753813384</y>
        </point>
        <point>
          <x>0.006404400866652507</x>
          <y>-0.010040635098977586</y>
        </point>
        <point>
          <x>0.008237779859728418</x>
          <y>-0.011379279736268585</y>
        </point>
        <point>
          <x>0.010283106318193003</x>
          <y>-0.012692453882490145</y>
        </point>
        <point>
          <x>0.012532599951687387</x>
          <y>-0.013961796037650936</y>
        </point>
        <point>
          <x>0.014977369868507038</x>
          <y>-0.015176847040948183</y>
        </point>
        <point>
          <x>0.017606249061497985</x>
          <y>-0.016318769420385272</y>
        </point>
        <point>
          <x>0.020406130026979722</x>
          <y>-0.017366150578098666</y>
        </point>
        <point>
          <x>0.023378245415127594</x>
          <y>-0.01829383727625415</y>
        </point>
        <point>
          <x>0.026522894236359087</x>
          <y>-0.019091510707131318</y>
        </point>
        <point>
          <x>0.02985841968641284</x>
          <y>-0.01974332958384767</y>
        </point>
        <point>
          <x>0.03340098036684154</x>
          <y>-0.020265379290945084</y>
        </point>
        <point>
          <x>0.03712648480933778</x>
          <y>-0.020698019723799945</y>
        </point>
        <point>
          <x>0.04101075002433058</x>
          <y>-0.021041305795170363</y>
        </point>
        <point>
          <x>0.04503477988248824</x>
          <y>-0.02130753341780867</y>
        </point>
        <point>
          <x>0.049172328848883576</x>
          <y>-0.021511433277251725</y>
        </point>
        <point>
          <x>0.05339263576619594</x>
          <y>-0.021667101429696016</y>
        </point>
        <point>
          <x>0.057657989081926694</x>
          <y>-0.02178074989640217</y>
        </point>
        <point>
          <x>0.06193099455824738</x>
          <y>-0.021856332887434094</y>
        </point>
        <point>
          <x>0.06617778502720707</x>
          <y>-0.021889090682738945</y>
        </point>
        <point>
          <x>0.07036997919151149</x>
          <y>-0.021876185754537734</y>
        </point>
        <point>
          <x>0.07447887843919626</x>
          <y>-0.02181703838624819</y>
        </point>
        <point>
          <x>0.07848061709536058</x>
          <y>-0.021709445679431703</y>
        </point>
        <point>
          <x>0.08235069485576334</x>
          <y>-0.021555720358043103</y>
        </point>
        <point>
          <x>0.08606605763643192</x>
          <y>-0.021356075992175604</y>
        </point>
        <point>
          <x>0.08960317538138846</x>
          <y>-0.021114112868717512</y>
        </point>
        <point>
          <x>0.09294109316052201</x>
          <y>-0.020831490778030582</y>
        </point>
        <point>
          <x>0.09605998494931994</x>
          <y>-0.020510028167811667</y>
        </point>
        <point>
          <x>0.09894099497153297</x>
          <y>-0.020152831048691096</y>
        </point>
        <point>
          <x>0.10156865416770688</x>
          <y>-0.019763481403304455</y>
        </point>
        <point>
          <x>0.10392765213572254</x>
          <y>-0.019344432308688982</y>
        </point>
        <point>
          <x>0.10600477762732242</x>
          <y>-0.01889958306215046</y>
        </point>
        <point>
          <x>0.10779133501664254</x>
          <y>-0.01843346759033506</y>
        </point>
        <point>
          <x>0.10927217255889884</x>
          <y>-0.017947410064681653</y>
        </point>
        <point>
          <x>0.11045626658612014</x>
          <y>-0.017418496754300027</y>
        </point>
        <point>
          <x>0.11139956810196672</x>
          <y>-0.01684998624621636</y>
        </point>
        <point>
          <x>0.11215403114915533</x>
          <y>-0.016330915648679882</y>
        </point>
      </coordinates>
    </element>
    <element>
      <coordinates>
        <point>
          <x>0.5500275293581416</x>
          <y>0.2191492890459398</y>
        </point>
        <point>
          <x>0.546602621919108</x>
          <y>0.21502365557024747</y>
        </point>
        <point>
          <x>0.5410858069223559</x>
          <y>0.2093098702992725</y>
        </point>
        <point>
          <x>0.5332352406432423</x>
          <y>0.20255213733052882</y>
        </point>
        <point>
          <x>0.5232323456140889</x>
          <y>0.19520068916680366</y>
        </point>
        <point>
          <x>0.5112816582331422</x>
          <y>0.18744182669454768</y>
        </point>
        <point>
          <x>0.49752642503360395</x>
          <y>0.1794298165288327</y>
        </point>
        <point>
          <x>0.4821340958882827</x>
          <y>0.17133259787233737</y>
        </point>
        <point>
          <x>0.4652744731038183</x>
          <y>0.16328492309669157</y>
        </point>
        <point>
          <x>0.4471462514226221</x>
          <y>0.15542233397530109</y>
        </point>
        <point>
          <x>0.42796062984354577</x>
          <y>0.14784601711935577</y>
        </point>
        <point>
          <x>0.40793779085688286</x>
          <y>0.14064583898626948</y>
        </point>
        <point>
          <x>0.38730416908114706</x>
          <y>0.13389448845234822</y>
        </point>
        <point>
          <x>0.3662912829319047</x>
          <y>0.12763732499018093</y>
        </point>
        <point>
          <x>0.3451353399208876</x>
          <y>0.12190682488652563</y>
        </point>
        <point>
          <x>0.32406279043810604</x>
          <y>0.11672218654142133</y>
        </point>
        <point>
          <x>0.3032895541215709</x>
          <y>0.11206473242769313</y>
        </point>
        <point>
          <x>0.2830358450045696</x>
          <y>0.10791734805022116</y>
        </point>
        <point>
          <x>0.26349221105433884</x>
          <y>0.10423753147161449</y>
        </point>
        <point>
          <x>0.2448523263022253</x>
          <y>0.10097419196392832</y>
        </point>
        <point>
          <x>0.22727434128619273</x>
          <y>0.09805358272016881</y>
        </point>
        <point>
          <x>0.2109179695762598</x>
          <y>0.09539766253806514</y>
        </point>
        <point>
          <x>0.1959132586763943</x>
          <y>0.09290300277307556</y>
        </point>
        <point>
          <x>0.1823274347364582</x>
          <y>0.09033145395202252</y>
        </point>
        <point>
          <x>0.1700035628641458</x>
          <y>0.08760644327570813</y>
        </point>
        <point>
          <x>0.15885608676881724</x>
          <y>0.08489622579021402</y>
        </point>
        <point>
          <x>0.14898103040712427</x>
          <y>0.08228438428174009</y>
        </point>
        <point>
          <x>0.14047560183838273</x>
          <y>0.0798111628828283</y>
        </point>
        <point>
          <x>0.13343310942751943</x>
          <y>0.0775007964760796</y>
        </point>
        <point>
          <x>0.1279550714006242</x>
          <y>0.07534160174982407</y>
        </point>
        <point>
          <x>0.1241578311310638</x>
          <y>0.07336133435166069</y>
        </point>
        <point>
          <x>0.12238312445152767</x>
          <y>0.07122236317275014</y>
        </point>
        <point>
          <x>0.12231209240933358</x>
          <y>0.06847792916081222</y>
        </point>
        <point>
          <x>0.12329969168217465</x>
          <y>0.06524341280097049</y>
        </point>
        <point>
          <x>0.12528024338074695</x>
          <y>0.06180615964739242</y>
        </point>
        <point>
          <x>0.1282033357784025</x>
          <y>0.0583180365668277</y>
        </point>
        <point>
          <x>0.13203183503521237</x>
          <y>0.05492115330430507</y>
        </point>
        <point>
          <x>0.13672783368096855</x>
          <y>0.0517330215643583</y>
        </point>
        <point>
          <x>0.14233111806133697</x>
          <y>0.04888484141062514</y>
        </point>
        <point>
          <x>0.14888306909703253</x>
          <y>0.046396537558932596</y>
        </point>
        <point>
          <x>0.15631614479479033</x>
          <y>0.044253253319009644</y>
        </point>
        <point>
          <x>0.16456512405218254</x>
          <y>0.04251392612207019</y>
        </point>
        <point>
          <x>0.17357376925822318</x>
          <y>0.0412261732455521</y>
        </point>
        <point>
          <x>0.1832846744707594</x>
          <y>0.040427460144284305</y>
        </point>
        <point>
          <x>0.19363574465147332</x>
          <y>0.04016813545892668</y>
        </point>
        <point>
          <x>0.20457582598643193</x>
          <y>0.040468487063200186</y>
        </point>
        <point>
          <x>0.21602994025148647</x>
          <y>0.04137417450159972</y>
        </point>
        <point>
          <x>0.22791139436782398</x>
          <y>0.04293632004506416</y>
        </point>
        <point>
          <x>0.24017721283968063</x>
          <y>0.045246274325577304</y>
        </point>
        <point>
          <x>0.2528090339832843</x>
          <y>0.04834112386857711</y>
        </point>
        <point>
          <x>0.265841970819633</x>
          <y>0.052311461447265395</y>
        </point>
        <point>
          <x>0.27936349005781863</x>
          <y>0.057130762831198265</y>
        </point>
        <point>
          <x>0.29336427659149916</x>
          <y>0.06261083248697003</y>
        </point>
        <point>
          <x>0.3077588372160227</x>
          <y>0.06870596355559476</y>
        </point>
        <point>
          <x>0.3225030754189496</x>
          <y>0.0753368834176466</y>
        </point>
        <point>
          <x>0.3375318174123427</x>
          <y>0.08240205807553871</y>
        </point>
        <point>
          <x>0.35276271182715746</x>
          <y>0.0897937014034643</y>
        </point>
        <point>
          <x>0.36807396833507994</x>
          <y>0.09741885242289344</y>
        </point>
        <point>
          <x>0.3833406705436864</x>
          <y>0.1051931389458503</y>
        </point>
        <point>
          <x>0.3984339865946672</x>
          <y>0.11306967001068494</y>
        </point>
        <point>
          <x>0.41324811963815256</x>
          <y>0.12100507542074539</y>
        </point>
        <point>
          <x>0.42768039888838255</x>
          <y>0.1289473961888257</y>
        </point>
        <point>
          <x>0.44164220507659546</x>
          <y>0.13685951424649395</y>
        </point>
        <point>
          <x>0.45505117106224946</x>
          <y>0.1446871339442102</y>
        </point>
        <point>
          <x>0.4678260980359696</x>
          <y>0.1523861114550435</y>
        </point>
        <point>
          <x>0.4798904762845461</x>
          <y>0.15989941976623193</y>
        </point>
        <point>
          <x>0.4911732588212132</x>
          <y>0.16718174671967762</y>
        </point>
        <point>
          <x>0.5016076930544819</x>
          <y>0.17418934318933754</y>
        </point>
        <point>
          <x>0.5111328838201954</x>
          <y>0.18087572868594684</y>
        </point>
        <point>
          <x>0.5197008191400277</x>
          <y>0.18719911181640553</y>
        </point>
        <point>
          <x>0.5272619240035981</x>
          <y>0.19312199558289064</y>
        </point>
        <point>
          <x>0.5337767752231344</x>
          <y>0.1986057146564123</y>
        </point>
        <point>
          <x>0.539223127191973</x>
          <y>0.20361785583620057</y>
        </point>
        <point>
          <x>0.5435498418676776</x>
          <y>0.2081252165197094</y>
        </point>
        <point>
          <x>0.5467455675534786</x>
          <y>0.21222579416803072</y>
        </point>
        <point>
          <x>0.5490144774897283</x>
          <y>0.2160133549329673</y>
        </point>
        <point>
          <x>0.5507080330878432</x>
          <y>0.21927052654493276</y>
        </point>
      </coordinates>
    </element>
  </elements>
</airfoil>
