<airfoil>
  <elements>
    <element>
      <coordinates>
        <point>
          <x>0.11116149835478238</x>
          <y>-0.021209451760489093</y>
        </point>
        <point>
          <x>0.1099027759318284</x>
          <y>-0.021661878670335144</y>
        </point>
        <point>
          <x>0.10799331372292484</x>
          <y>-0.02219044302551735</y>
        </point>
        <point>
          <x>0.10545011326370772</x>
          <y>-0.022647566184674502</y>
        </point>
        <point>
          <x>0.10236921254154419</x>
          <y>-0.02295949998049064</y>
        </point>
        <point>
          <x>0.09881816865586672</x>
          <y>-0.023112135114036533</y>
        </point>
        <point>
          <x>0.09484731004123796</x>
          <y>-0.023090478257647217</y>
        </point>
        <point>
          <x>0.09051389827306879</x>
          <y>-0.022879665536273783</y>
        </point>
        <point>
          <x>0.08587149471647927</x>
          <y>-0.022472261886603024</y>
        </point>
        <point>
          <x>0.08097996875393407</x>
          <y>-0.021864324081111264</y>
        </point>
        <point>
          <x>0.07589752277188817</x>
          <y>-0.02106087524740407</y>
        </point>
        <point>
          <x>0.07068285482768412</x>
          <y>-0.020070509270761688</y>
        </point>
        <point>
          <x>0.0653938294806597</x>
          <y>-0.018906303214028995</y>
        </point>
        <point>
          <x>0.06008594024875424</x>
          <y>-0.017587850531896605</y>
        </point>
        <point>
          <x>0.05481405552640351</x>
          <y>-0.016138107062228593</y>
        </point>
        <point>
          <x>0.04962926457586741</x>
          <y>-0.01458164510816775</y>
        </point>
        <point>
          <x>0.044575594065941596</x>
          <y>-0.01294984066108894</y>
        </point>
        <point>
          <x>0.03969819145981291</x>
          <y>-0.01127427808686823</y>
        </point>
        <point>
          <x>0.035032612742035334</x>
          <y>-0.009588237138545544</y>
        </point>
        <point>
          <x>0.030613997148160405</x>
          <y>-0.007927239157943104</y>
        </point>
        <point>
          <x>0.026466980015216895</x>
          <y>-0.006327171705154626</y>
        </point>
        <point>
          <x>0.022615988305732346</x>
          <y>-0.004825043134664983</y>
        </point>
        <point>
          <x>0.019075857503601433</x>
          <y>-0.003459557188122893</y>
        </point>
        <point>
          <x>0.01583085220819457</x>
          <y>-0.0022904032646460033</y>
        </point>
        <point>
          <x>0.012837548734642984</x>
          <y>-0.001314146310753227</y>
        </point>
        <point>
          <x>0.010098886465540217</x>
          <y>-0.0004837918839011204</y>
        </point>
        <point>
          <x>0.00764608980006838</x>
          <y>0.00020645022279060243</y>
        </point>
        <point>
          <x>0.005505145383725275</x>
          <y>0.0007529081901854276</y>
        </point>
        <point>
          <x>0.0036991731497227893</x>
          <y>0.0011489645649757762</y>
        </point>
        <point>
          <x>0.0022485052408720277</x>
          <y>0.00137924391322602</y>
        </point>
        <point>
          <x>0.001181657187839454</x>
          <y>0.0014349661147314082</y>
        </point>
        <point>
          <x>0.0005292691606128286</x>
          <y>0.0012002788497779138</y>
        </point>
        <point>
          <x>0.0001662130483858259</x>
          <y>0.0006195971753859851</y>
        </point>
        <point>
          <x>-3.1486689258365345e-05</x>
          <y>-0.00020054327413191183</y>
        </point>
        <point>
          <x>-4.152772911349398e-05</x>
          <y>-0.0011900786537513714</y>
        </point>
        <point>
          <x>0.00014450383075370477</x>
          <y>-0.002309989534283111</y>
        </point>
        <point>
          <x>0.0005366383575551993</x>
          <y>-0.003525035618713726</y>
        </point>
        <point>
          <x>0.00114162275721463</x>
          <y>-0.004805163832983186</y>
        </point>
        <point>
          <x>0.001984632316801692</x>
          <y>-0.006127225852725387</y>
        </point>
        <point>
          <x>0.003077083354729156</x>
          <y>-0.007492184628561202</y>
        </point>
        <point>
          <x>0.004402580704132075</x>
          <y>-0.008894672954190273</y>
        </point>
        <point>
          <x>0.005954579582010496</x>
          <y>-0.010313761954452105</y>
        </point>
        <point>
          <x>0.007727030876252001</x>
          <y>-0.011732093511860883</y>
        </point>
        <point>
          <x>0.009712347931350623</x>
          <y>-0.013134342723211895</y>
        </point>
        <point>
          <x>0.011903569215303994</x>
          <y>-0.014501822302126965</y>
        </point>
        <point>
          <x>0.014292274574601332</x>
          <y>-0.01582369052296601</y>
        </point>
        <point>
          <x>0.016868140094066796</x>
          <y>-0.017080634975847244</y>
        </point>
        <point>
          <x>0.01961901701874465</x>
          <y>-0.018250684913104154</y>
        </point>
        <point>
          <x>0.02254724799887905</x>
          <y>-0.019308766109128895</y>
        </point>
        <point>
          <x>0.025653587610589657</x>
          <y>-0.020244583039899844</y>
        </point>
        <point>
          <x>0.028957060967371936</x>
          <y>-0.021043120238175346</y>
        </point>
        <point>
          <x>0.03247310028546994</x>
          <y>-0.021721161228668524</y>
        </point>
        <point>
          <x>0.03617585462357943</x>
          <y>-0.022317962206224087</y>
        </point>
        <point>
          <x>0.04004116217598253</x>
          <y>-0.022832509689490237</y>
        </point>
        <point>
          <x>0.04404950215829625</x>
          <y>-0.023276248388033972</y>
        </point>
        <point>
          <x>0.048174003896287045</x>
          <y>-0.02366273514758853</y>
        </point>
        <point>
          <x>0.052383313538156735</x>
          <y>-0.024004693315882338</y>
        </point>
        <point>
          <x>0.056639481918376276</x>
          <y>-0.02430666285278847</y>
        </point>
        <point>
          <x>0.060904976620419035</x>
          <y>-0.024570942129397682</y>
        </point>
        <point>
          <x>0.06514617381255032</x>
          <y>-0.02479127991067388</y>
        </point>
        <point>
          <x>0.06933484526049</x>
          <y>-0.024963587628478136</y>
        </point>
        <point>
          <x>0.07344234598095555</x>
          <y>-0.025086018303453857</y>
        </point>
        <point>
          <x>0.07744493091723147</x>
          <y>-0.025155316865466928</y>
        </point>
        <point>
          <x>0.08131802151459745</x>
          <y>-0.02517271142194786</y>
        </point>
        <point>
          <x>0.08503857676172677</x>
          <y>-0.025137396866046074</y>
        </point>
        <point>
          <x>0.08858293052378906</x>
          <y>-0.025051930474084445</y>
        </point>
        <point>
          <x>0.09193007500373869</x>
          <y>-0.024917044682605943</y>
        </point>
        <point>
          <x>0.09506012319892115</x>
          <y>-0.02473368030265474</y>
        </point>
        <point>
          <x>0.09795410052657197</x>
          <y>-0.02450410731416737</y>
        </point>
        <point>
          <x>0.10059639478710009</x>
          <y>-0.024231220820583987</y>
        </point>
        <point>
          <x>0.10297160215541563</x>
          <y>-0.023916795130953572</y>
        </point>
        <point>
          <x>0.10506635202070985</x>
          <y>-0.023564142097718663</y>
        </point>
        <point>
          <x>0.10687175694973867</x>
          <y>-0.023177407071326636</y>
        </point>
        <point>
          <x>0.10837262149191344</x>
          <y>-0.02275724356643532</y>
        </point>
        <point>
          <x>0.10957892548371519</x>
          <y>-0.02228115677333643</y>
        </point>
        <point>
          <x>0.11054642134831538</x>
          <y>-0.021754873865024296</y>
        </point>
        <point>
          <x>0.11132307898203345</x>
          <y>-0.021269640215338424</y>
        </point>
      </coordinates>
    </element>
    <element>
      <coordinates>
        <point>
          <x>0.5332317023400647</x>
          <y>0.23450210229085655</y>
        </point>
        <point>
          <x>0.5294442566495088</x>
          <y>0.2307065657434381</y>
        </point>
        <point>
          <x>0.5234285790251848</x>
          <y>0.22552060271316013</y>
        </point>
        <point>
          <x>0.5149935472517534</x>
          <y>0.21950823339975287</y>
        </point>
        <point>
          <x>0.504360951962839</x>
          <y>0.2131012359367946</y>
        </point>
        <point>
          <x>0.4917514921401296</x>
          <y>0.20646644892288238</y>
        </point>
        <point>
          <x>0.47732190695869703</x>
          <y>0.19974440914607489</y>
        </point>
        <point>
          <x>0.46125428667124224</x>
          <y>0.19308705796206993</y>
        </point>
        <point>
          <x>0.4437300326718342</x>
          <y>0.18661307375655695</y>
        </point>
        <point>
          <x>0.424959390107431</x>
          <y>0.18043928183150665</y>
        </point>
        <point>
          <x>0.40516191792568423</x>
          <y>0.1746471537519353</y>
        </point>
        <point>
          <x>0.3845650869666243</x>
          <y>0.16930606765658784</y>
        </point>
        <point>
          <x>0.36340102497062887</x>
          <y>0.16446772481573219</y>
        </point>
        <point>
          <x>0.34190442581147573</x>
          <y>0.16015614697183345</y>
        </point>
        <point>
          <x>0.32031347603820304</x>
          <y>0.15638209821599905</y>
        </point>
        <point>
          <x>0.29885543299866413</x>
          <y>0.1531440115298377</y>
        </point>
        <point>
          <x>0.27774360753072247</x>
          <y>0.15040356424968968</y>
        </point>
        <point>
          <x>0.2571957296893609</x>
          <y>0.14812359793698188</y>
        </point>
        <point>
          <x>0.23739766846786775</x>
          <y>0.14624438270109005</y>
        </point>
        <point>
          <x>0.21853762130970458</x>
          <y>0.14469735021715124</y>
        </point>
        <point>
          <x>0.2007663411544326</x>
          <y>0.14339461570028403</y>
        </point>
        <point>
          <x>0.18423574516669972</x>
          <y>0.14224387514848763</y>
        </point>
        <point>
          <x>0.16906588944945922</x>
          <y>0.14113025310771002</y>
        </point>
        <point>
          <x>0.1553019652889136</x>
          <y>0.1398104549531619</y>
        </point>
        <point>
          <x>0.14278069933487578</x>
          <y>0.13822256326307295</y>
        </point>
        <point>
          <x>0.13143226227319613</x>
          <y>0.13654194481390144</y>
        </point>
        <point>
          <x>0.12135991149811003</x>
          <y>0.13484306162909374</y>
        </point>
        <point>
          <x>0.11266412477827491</x>
          <y>0.13315711010276227</y>
        </point>
        <point>
          <x>0.1054400341233696</x>
          <y>0.13149970052748836</y>
        </point>
        <point>
          <x>0.09978766612664684</x>
          <y>0.1298499252338121</y>
        </point>
        <point>
          <x>0.09582541310846868</x>
          <y>0.12822479642262885</y>
        </point>
        <point>
          <x>0.09386274122243678</x>
          <y>0.126256878596504</y>
        </point>
        <point>
          <x>0.09354131527963258</x>
          <y>0.12353040670774511</y>
        </point>
        <point>
          <x>0.09422932815102225</x>
          <y>0.12021920047819641</y>
        </point>
        <point>
          <x>0.09588762316801391</x>
          <y>0.11661540360418692</y>
        </point>
        <point>
          <x>0.09847987166969374</x>
          <y>0.11287485290997908</y>
        </point>
        <point>
          <x>0.10198207610464649</x>
          <y>0.10914245601865076</y>
        </point>
        <point>
          <x>0.10636722161265162</x>
          <y>0.10553869601750995</y>
        </point>
        <point>
          <x>0.11168691269977682</x>
          <y>0.10219059016897995</y>
        </point>
        <point>
          <x>0.1179841773121285</x>
          <y>0.09911419994104669</y>
        </point>
        <point>
          <x>0.1251903987427437</x>
          <y>0.09630090039164883</y>
        </point>
        <point>
          <x>0.13324601221107543</x>
          <y>0.09381534018603473</y>
        </point>
        <point>
          <x>0.14209936482895594</x>
          <y>0.09171007456318135</y>
        </point>
        <point>
          <x>0.15169671294127154</x>
          <y>0.09002765610274048</y>
        </point>
        <point>
          <x>0.16198082021764854</x>
          <y>0.08882389503572177</y>
        </point>
        <point>
          <x>0.17290259990331983</x>
          <y>0.08812366707329974</y>
        </point>
        <point>
          <x>0.18439155801655382</x>
          <y>0.08797928977122411</y>
        </point>
        <point>
          <x>0.19636603369120698</x>
          <y>0.08844959066930985</y>
        </point>
        <point>
          <x>0.2087915755411341</x>
          <y>0.08962946409400839</y>
        </point>
        <point>
          <x>0.2216532863234359</x>
          <y>0.09155751877430689</y>
        </point>
        <point>
          <x>0.2349944074763962</x>
          <y>0.09432076133532749</y>
        </point>
        <point>
          <x>0.24889961717496378</x>
          <y>0.09788478877302514</y>
        </point>
        <point>
          <x>0.26334244849852295</x>
          <y>0.10206304323547949</y>
        </point>
        <point>
          <x>0.27823359056282804</x>
          <y>0.10681781834451273</y>
        </point>
        <point>
          <x>0.2935218900372162</x>
          <y>0.11207420090127396</y>
        </point>
        <point>
          <x>0.3091331709635684</x>
          <y>0.11773703470503431</y>
        </point>
        <point>
          <x>0.32497558051528863</x>
          <y>0.12370650665471836</y>
        </point>
        <point>
          <x>0.3409193459954255</x>
          <y>0.12990116937635984</y>
        </point>
        <point>
          <x>0.35683236625685455</x>
          <y>0.13624841393023113</y>
        </point>
        <point>
          <x>0.37258206478599654</x>
          <y>0.1427133135637324</y>
        </point>
        <point>
          <x>0.38805912537995524</x>
          <y>0.1492623434325778</y>
        </point>
        <point>
          <x>0.403156560286008</x>
          <y>0.15585314025824284</y>
        </point>
        <point>
          <x>0.4177827301697362</x>
          <y>0.1624568360967884</y>
        </point>
        <point>
          <x>0.43185065259706745</x>
          <y>0.16902688613579797</y>
        </point>
        <point>
          <x>0.4452754359008757</x>
          <y>0.17552674822218045</y>
        </point>
        <point>
          <x>0.45797568108929465</x>
          <y>0.18190662255148676</y>
        </point>
        <point>
          <x>0.46987649915452345</x>
          <y>0.18812787620367977</y>
        </point>
        <point>
          <x>0.4809074203058804</x>
          <y>0.19415304048380894</y>
        </point>
        <point>
          <x>0.49100355819489006</x>
          <y>0.19994139170489122</y>
        </point>
        <point>
          <x>0.5001132841244346</x>
          <y>0.20545569885520346</y>
        </point>
        <point>
          <x>0.5081838051723097</x>
          <y>0.2106631501401418</y>
        </point>
        <point>
          <x>0.5151723310756361</x>
          <y>0.21552884299815644</y>
        </point>
        <point>
          <x>0.5210537484400122</x>
          <y>0.2200225317680442</y>
        </point>
        <point>
          <x>0.5257741001181468</x>
          <y>0.22411582387232057</y>
        </point>
        <point>
          <x>0.5293310334688167</x>
          <y>0.22790734399592433</y>
        </point>
        <point>
          <x>0.5319364332305213</x>
          <y>0.23147181603657913</y>
        </point>
        <point>
          <x>0.5339204355430948</x>
          <y>0.23456067218366705</y>
        </point>
      </coordinates>
    </element>
  </elements>
</airfoil>
