<airfoil>
  <elements>
    <element>
      <coordinates>
        <point>
          <x>0.11188427639135311</x>
          <y>-0.01698906285950189</y>
        </point>
        <point>
          <x>0.11064357013999902</x>
          <y>-0.01748878302584592</y>
        </point>
        <point>
          <x>0.10875547015943561</x>
          <y>-0.018089203435389507</y>
        </point>
        <point>
          <x>0.10623138295848443</x>
          <y>-0.01864220792035713</y>
        </point>
        <point>
          <x>0.10316448790881472</x>
          <y>-0.01907046801318792</y>
        </point>
        <point>
          <x>0.09962176000183251</x>
          <y>-0.01935732884894203</y>
        </point>
        <point>
          <x>0.09565292445379604</x>
          <y>-0.019485903922117326</y>
        </point>
        <point>
          <x>0.09131463955622676</x>
          <y>-0.019439173808461815</y>
        </point>
        <point>
          <x>0.086660147068754</x>
          <y>-0.01920768255579858</y>
        </point>
        <point>
          <x>0.08174912434820837</x>
          <y>-0.01878522491782216</y>
        </point>
        <point>
          <x>0.07663992214325524</x>
          <y>-0.01817461864721724</y>
        </point>
        <point>
          <x>0.07139152159937175</x>
          <y>-0.017382230947310447</y>
        </point>
        <point>
          <x>0.06606224055795246</x>
          <y>-0.016418940520923474</y>
        </point>
        <point>
          <x>0.060708274029394146</x>
          <y>-0.015302227494099966</y>
        </point>
        <point>
          <x>0.05538531954603168</x>
          <y>-0.01405295561750485</y>
        </point>
        <point>
          <x>0.050145359363537305</x>
          <y>-0.012693746913488627</y>
        </point>
        <point>
          <x>0.0450335755810698</x>
          <y>-0.01125428939841487</y>
        </point>
        <point>
          <x>0.04009627817266177</x>
          <y>-0.009764436914667808</y>
        </point>
        <point>
          <x>0.03537025663529366</x>
          <y>-0.008256100321087721</y>
        </point>
        <point>
          <x>0.030891968813904637</x>
          <y>-0.006763446226262413</y>
        </point>
        <point>
          <x>0.02668739002752865</x>
          <y>-0.005321404554341307</y>
        </point>
        <point>
          <x>0.022782329769178985</x>
          <y>-0.003966033104347599</y>
        </point>
        <point>
          <x>0.01919307705481683</x>
          <y>-0.0027354466917605203</y>
        </point>
        <point>
          <x>0.01590616577983165</x>
          <y>-0.001689887255680818</y>
        </point>
        <point>
          <x>0.012878073394937706</x>
          <y>-0.0008275649068185908</y>
        </point>
        <point>
          <x>0.01010995939261309</x>
          <y>-0.0001014076452461391</y>
        </point>
        <point>
          <x>0.007632806779782301</x>
          <y>0.0004955518012371154</y>
        </point>
        <point>
          <x>0.005472722504562616</x>
          <y>0.0009606273090298288</y>
        </point>
        <point>
          <x>0.0036530602872618116</x>
          <y>0.0012880807819506707</y>
        </point>
        <point>
          <x>0.0021947193651486413</x>
          <y>0.0014633169508488399</y>
        </point>
        <point>
          <x>0.001126527006879054</x>
          <y>0.0014786407145659557</y>
        </point>
        <point>
          <x>0.0004834841098101127</x>
          <y>0.0012194417891646665</y>
        </point>
        <point>
          <x>0.00014265489203429006</x>
          <y>0.0006254414592739157</y>
        </point>
        <point>
          <x>-2.3877657308115562e-05</x>
          <y>-0.000201590857633664</y>
        </point>
        <point>
          <x>3.5223260950734746e-06</x>
          <y>-0.0011907977778022934</y>
        </point>
        <point>
          <x>0.0002317866278406185</x>
          <y>-0.0023028695066708133</y>
        </point>
        <point>
          <x>0.0006696053052108417</x>
          <y>-0.0035022115263406775</y>
        </point>
        <point>
          <x>0.0013225835356372492</x>
          <y>-0.0047585370412408555</y>
        </point>
        <point>
          <x>0.002215002891343399</x>
          <y>-0.006047761922772787</y>
        </point>
        <point>
          <x>0.003358307947087612</x>
          <y>-0.007370416556269271</y>
        </point>
        <point>
          <x>0.004735912231804706</x>
          <y>-0.008721757801672928</y>
        </point>
        <point>
          <x>0.006340483913981959</x>
          <y>-0.010081119351943812</y>
        </point>
        <point>
          <x>0.008165321558918434</x>
          <y>-0.011431384350683946</y>
        </point>
        <point>
          <x>0.010202264204998125</x>
          <y>-0.01275752586522222</y>
        </point>
        <point>
          <x>0.012443648368666987</x>
          <y>-0.014041133338266234</y>
        </point>
        <point>
          <x>0.014880649784226386</x>
          <y>-0.015271691336639935</y>
        </point>
        <point>
          <x>0.01750222134350098</x>
          <y>-0.016430291824988955</y>
        </point>
        <point>
          <x>0.020295391840609207</x>
          <y>-0.017495439366170068</y>
        </point>
        <point>
          <x>0.02326155369825799</x>
          <y>-0.01844198906091911</y>
        </point>
        <point>
          <x>0.026401071475759482</x>
          <y>-0.01925962420935151</y>
        </point>
        <point>
          <x>0.029732388637676927</x>
          <y>-0.019932620377776232</y>
        </point>
        <point>
          <x>0.033271561269742685</x>
          <y>-0.020477165281008965</y>
        </point>
        <point>
          <x>0.03699424198519153</x>
          <y>-0.02093346494792232</y>
        </point>
        <point>
          <x>0.040876247933612414</x>
          <y>-0.021301420656703794</y>
        </point>
        <point>
          <x>0.0448985052536303</x>
          <y>-0.021593207390402495</y>
        </point>
        <point>
          <x>0.04903467535656558</x>
          <y>-0.02182338880056488</y>
        </point>
        <point>
          <x>0.0532539081542436</x>
          <y>-0.022005865234654788</y>
        </point>
        <point>
          <x>0.05751845339049726</x>
          <y>-0.022146609008748853</y>
        </point>
        <point>
          <x>0.061790892461200765</x>
          <y>-0.022249336689176183</y>
        </point>
        <point>
          <x>0.06603738912014119</x>
          <y>-0.02230907349531707</y>
        </point>
        <point>
          <x>0.07022958066945367</x>
          <y>-0.022322801651528848</y>
        </point>
        <point>
          <x>0.0743387727592321</x>
          <y>-0.022289759131916397</y>
        </point>
        <point>
          <x>0.07834111419110674</x>
          <y>-0.022207591464919685</y>
        </point>
        <point>
          <x>0.08221209046262522</x>
          <y>-0.02207845567847374</y>
        </point>
        <point>
          <x>0.08592864659825021</x>
          <y>-0.021902418876786726</y>
        </point>
        <point>
          <x>0.08946723014438247</x>
          <y>-0.021682931788688103</y>
        </point>
        <point>
          <x>0.09280687604921159</x>
          <y>-0.021421521045301102</y>
        </point>
        <point>
          <x>0.09592774713580088</x>
          <y>-0.021119879103769622</y>
        </point>
        <point>
          <x>0.09881096827606685</x>
          <y>-0.020780992122131987</y>
        </point>
        <point>
          <x>0.10144104796654721</x>
          <y>-0.020408343736488477</y>
        </point>
        <point>
          <x>0.1038026605298004</x>
          <y>-0.020004289708065625</y>
        </point>
        <point>
          <x>0.10588257021211168</x>
          <y>-0.019572645325005023</y>
        </point>
        <point>
          <x>0.10767205275926142</x>
          <y>-0.019117889179530917</y>
        </point>
        <point>
          <x>0.1091559483198287</x>
          <y>-0.01864124915799606</y>
        </point>
        <point>
          <x>0.11034337861461611</x>
          <y>-0.018119869018154638</y>
        </point>
        <point>
          <x>0.11129027281652086</x>
          <y>-0.017557362735523788</y>
        </point>
        <point>
          <x>0.11204801827100719</x>
          <y>-0.0170430956832977</y>
        </point>
      </coordinates>
    </element>
    <element>
      <coordinates>
        <point>
          <x>0.49002752935814153</x>
          <y>0.2201492890459398</y>
        </point>
        <point>
          <x>0.486602621919108</x>
          <y>0.21602365557024747</y>
        </point>
        <point>
          <x>0.4810858069223558</x>
          <y>0.2103098702992725</y>
        </point>
        <point>
          <x>0.4732352406432423</x>
          <y>0.20355213733052882</y>
        </point>
        <point>
          <x>0.46323234561408894</x>
          <y>0.19620068916680367</y>
        </point>
        <point>
          <x>0.4512816582331422</x>
          <y>0.18844182669454768</y>
        </point>
        <point>
          <x>0.43752642503360395</x>
          <y>0.1804298165288327</y>
        </point>
        <point>
          <x>0.4221340958882827</x>
          <y>0.17233259787233737</y>
        </point>
        <point>
          <x>0.4052744731038183</x>
          <y>0.16428492309669157</y>
        </point>
        <point>
          <x>0.3871462514226221</x>
          <y>0.1564223339753011</y>
        </point>
        <point>
          <x>0.3679606298435458</x>
          <y>0.14884601711935577</y>
        </point>
        <point>
          <x>0.34793779085688287</x>
          <y>0.14164583898626948</y>
        </point>
        <point>
          <x>0.32730416908114707</x>
          <y>0.13489448845234822</y>
        </point>
        <point>
          <x>0.3062912829319048</x>
          <y>0.12863732499018093</y>
        </point>
        <point>
          <x>0.2851353399208876</x>
          <y>0.12290682488652563</y>
        </point>
        <point>
          <x>0.2640627904381061</x>
          <y>0.11772218654142133</y>
        </point>
        <point>
          <x>0.24328955412157088</x>
          <y>0.11306473242769313</y>
        </point>
        <point>
          <x>0.22303584500456958</x>
          <y>0.10891734805022116</y>
        </point>
        <point>
          <x>0.20349221105433887</x>
          <y>0.10523753147161449</y>
        </point>
        <point>
          <x>0.1848523263022253</x>
          <y>0.10197419196392832</y>
        </point>
        <point>
          <x>0.16727434128619273</x>
          <y>0.09905358272016881</y>
        </point>
        <point>
          <x>0.1509179695762598</x>
          <y>0.09639766253806514</y>
        </point>
        <point>
          <x>0.1359132586763943</x>
          <y>0.09390300277307556</y>
        </point>
        <point>
          <x>0.12232743473645821</x>
          <y>0.09133145395202252</y>
        </point>
        <point>
          <x>0.11000356286414582</x>
          <y>0.08860644327570813</y>
        </point>
        <point>
          <x>0.09885608676881724</x>
          <y>0.08589622579021403</y>
        </point>
        <point>
          <x>0.08898103040712428</x>
          <y>0.08328438428174009</y>
        </point>
        <point>
          <x>0.08047560183838273</x>
          <y>0.0808111628828283</y>
        </point>
        <point>
          <x>0.07343310942751943</x>
          <y>0.0785007964760796</y>
        </point>
        <point>
          <x>0.06795507140062419</x>
          <y>0.07634160174982407</y>
        </point>
        <point>
          <x>0.0641578311310638</x>
          <y>0.07436133435166069</y>
        </point>
        <point>
          <x>0.06238312445152768</x>
          <y>0.07222236317275015</y>
        </point>
        <point>
          <x>0.06231209240933358</x>
          <y>0.06947792916081222</y>
        </point>
        <point>
          <x>0.06329969168217466</x>
          <y>0.06624341280097049</y>
        </point>
        <point>
          <x>0.06528024338074695</x>
          <y>0.06280615964739242</y>
        </point>
        <point>
          <x>0.06820333577840251</x>
          <y>0.0593180365668277</y>
        </point>
        <point>
          <x>0.07203183503521236</x>
          <y>0.05592115330430507</y>
        </point>
        <point>
          <x>0.07672783368096855</x>
          <y>0.0527330215643583</y>
        </point>
        <point>
          <x>0.08233111806133696</x>
          <y>0.049884841410625144</y>
        </point>
        <point>
          <x>0.08888306909703252</x>
          <y>0.0473965375589326</y>
        </point>
        <point>
          <x>0.09631614479479034</x>
          <y>0.045253253319009645</y>
        </point>
        <point>
          <x>0.10456512405218255</x>
          <y>0.04351392612207019</y>
        </point>
        <point>
          <x>0.11357376925822318</x>
          <y>0.0422261732455521</y>
        </point>
        <point>
          <x>0.12328467447075941</x>
          <y>0.041427460144284306</y>
        </point>
        <point>
          <x>0.13363574465147332</x>
          <y>0.04116813545892668</y>
        </point>
        <point>
          <x>0.14457582598643193</x>
          <y>0.041468487063200186</y>
        </point>
        <point>
          <x>0.15602994025148648</x>
          <y>0.04237417450159972</y>
        </point>
        <point>
          <x>0.16791139436782399</x>
          <y>0.04393632004506416</y>
        </point>
        <point>
          <x>0.18017721283968063</x>
          <y>0.046246274325577305</y>
        </point>
        <point>
          <x>0.1928090339832843</x>
          <y>0.049341123868577114</y>
        </point>
        <point>
          <x>0.20584197081963304</x>
          <y>0.053311461447265396</y>
        </point>
        <point>
          <x>0.21936349005781863</x>
          <y>0.058130762831198265</y>
        </point>
        <point>
          <x>0.23336427659149916</x>
          <y>0.06361083248697003</y>
        </point>
        <point>
          <x>0.24775883721602274</x>
          <y>0.06970596355559476</y>
        </point>
        <point>
          <x>0.26250307541894957</x>
          <y>0.0763368834176466</y>
        </point>
        <point>
          <x>0.27753181741234273</x>
          <y>0.08340205807553872</y>
        </point>
        <point>
          <x>0.29276271182715746</x>
          <y>0.0907937014034643</y>
        </point>
        <point>
          <x>0.30807396833507994</x>
          <y>0.09841885242289344</y>
        </point>
        <point>
          <x>0.3233406705436864</x>
          <y>0.10619313894585031</y>
        </point>
        <point>
          <x>0.3384339865946672</x>
          <y>0.11406967001068494</y>
        </point>
        <point>
          <x>0.35324811963815256</x>
          <y>0.12200507542074539</y>
        </point>
        <point>
          <x>0.36768039888838255</x>
          <y>0.1299473961888257</y>
        </point>
        <point>
          <x>0.38164220507659546</x>
          <y>0.13785951424649395</y>
        </point>
        <point>
          <x>0.39505117106224946</x>
          <y>0.1456871339442102</y>
        </point>
        <point>
          <x>0.4078260980359696</x>
          <y>0.1533861114550435</y>
        </point>
        <point>
          <x>0.4198904762845461</x>
          <y>0.16089941976623193</y>
        </point>
        <point>
          <x>0.4311732588212132</x>
          <y>0.16818174671967762</y>
        </point>
        <point>
          <x>0.4416076930544819</x>
          <y>0.17518934318933754</y>
        </point>
        <point>
          <x>0.45113288382019534</x>
          <y>0.18187572868594684</y>
        </point>
        <point>
          <x>0.45970081914002775</x>
          <y>0.18819911181640553</y>
        </point>
        <point>
          <x>0.46726192400359806</x>
          <y>0.19412199558289064</y>
        </point>
        <point>
          <x>0.4737767752231344</x>
          <y>0.1996057146564123</y>
        </point>
        <point>
          <x>0.47922312719197296</x>
          <y>0.20461785583620057</y>
        </point>
        <point>
          <x>0.48354984186767763</x>
          <y>0.2091252165197094</y>
        </point>
        <point>
          <x>0.4867455675534786</x>
          <y>0.21322579416803072</y>
        </point>
        <point>
          <x>0.48901447748972826</x>
          <y>0.2170133549329673</y>
        </point>
        <point>
          <x>0.4907080330878432</x>
          <y>0.22027052654493276</y>
        </point>
      </coordinates>
    </element>
  </elements>
</airfoil>
