<airfoil>
  <elements>
    <element>
      <coordinates>
        <point>
          <x>0.11157569027198203</x>
          <y>-0.018909915409423054</y>
        </point>
        <point>
          <x>0.11032657684724576</x>
          <y>-0.019388233189715234</y>
        </point>
        <point>
          <x>0.10842843425645644</x>
          <y>-0.01995610721609051</y>
        </point>
        <point>
          <x>0.10589521353555056</x>
          <y>-0.0204656392931701</y>
        </point>
        <point>
          <x>0.10282140961341121</x>
          <y>-0.020841114193850253</y>
        </point>
        <point>
          <x>0.09927427389243751</x>
          <y>-0.02106703085767191</y>
        </point>
        <point>
          <x>0.09530381453093233</x>
          <y>-0.021127360083059415</y>
        </point>
        <point>
          <x>0.09096697402291996</x>
          <y>-0.021006058953373537</y>
        </point>
        <point>
          <x>0.0863171488144203</x>
          <y>-0.020694588174003794</y>
        </point>
        <point>
          <x>0.0814141141159309</x>
          <y>-0.020187769307929516</y>
        </point>
        <point>
          <x>0.07631616361463252</x>
          <y>-0.019489422778539104</y>
        </point>
        <point>
          <x>0.07108216028401335</x>
          <y>-0.018606928772288957</y>
        </point>
        <point>
          <x>0.0657702263359032</x>
          <y>-0.017552166905840008</y>
        </point>
        <point>
          <x>0.060436247982093204</x>
          <y>-0.016343580750745407</y>
        </point>
        <point>
          <x>0.055135555863130715</x>
          <y>-0.01500298845121171</y>
        </point>
        <point>
          <x>0.049919735666080545</x>
          <y>-0.01355390229530397</y>
        </point>
        <point>
          <x>0.04483345245734966</x>
          <y>-0.012026782621872234</y>
        </point>
        <point>
          <x>0.03992249616089619</x>
          <y>-0.010452274960181134</y>
        </point>
        <point>
          <x>0.0352231022690254</x>
          <y>-0.008862917888831994</y>
        </point>
        <point>
          <x>0.030771135893213383</x>
          <y>-0.007293499701528403</y>
        </point>
        <point>
          <x>0.02659196804614686</x>
          <y>-0.005779391693344915</y>
        </point>
        <point>
          <x>0.022710784550097944</x>
          <y>-0.004357090016907213</y>
        </point>
        <point>
          <x>0.0191432167956859</x>
          <y>-0.003064983874177668</y>
        </point>
        <point>
          <x>0.015874765070318354</x>
          <y>-0.00196307481125918</y>
        </point>
        <point>
          <x>0.012861944025393836</x>
          <y>-0.001048825022601878</y>
        </point>
        <point>
          <x>0.01010672218015485</x>
          <y>-0.0002751893965363008</y>
        </point>
        <point>
          <x>0.007640197735076789</x>
          <y>0.0003642656916695615</y>
        </point>
        <point>
          <x>0.005488427604250335</x>
          <y>0.0008664057200312807</y>
        </point>
        <point>
          <x>0.003674663415420132</x>
          <y>0.0012250919747402028</y>
        </point>
        <point>
          <x>0.0022195504154629694</x>
          <y>0.0014253720719931903</y>
        </point>
        <point>
          <x>0.0011517793294645725</x>
          <y>0.0014590564883575068</y>
        </point>
        <point>
          <x>0.0005043756578399671</x>
          <y>0.0012109501878188468</y>
        </point>
        <point>
          <x>0.00015338555483474572</x>
          <y>0.0006228967079444531</y>
        </point>
        <point>
          <x>-2.7339606041297828e-05</x>
          <y>-0.00020115059617487247</y>
        </point>
        <point>
          <x>-1.6948777845346345e-05</x>
          <y>-0.0011906823645832457</y>
        </point>
        <point>
          <x>0.00019216456148437482</x>
          <y>-0.002306513773405552</y>
        </point>
        <point>
          <x>0.0006093010778681395</x>
          <y>-0.0035132049522492597</y>
        </point>
        <point>
          <x>0.0012405857700510052</x>
          <y>-0.00478056993764833</y>
        </point>
        <point>
          <x>0.002110710643903543</x>
          <y>-0.006084945575838151</y>
        </point>
        <point>
          <x>0.003231109465351689</x>
          <y>-0.007427058913413486</y>
        </point>
        <point>
          <x>0.004585279751957604</x>
          <y>-0.008801882379053222</y>
        </point>
        <point>
          <x>0.006166246022809106</x>
          <y>-0.010188626680656765</y>
        </point>
        <point>
          <x>0.007967602083301372</x>
          <y>-0.011570062289191515</y>
        </point>
        <point>
          <x>0.009981446500449275</x>
          <y>-0.012931024200312552</y>
        </point>
        <point>
          <x>0.012200433412511447</x>
          <y>-0.014252972837021555</y>
        </point>
        <point>
          <x>0.014615920624844396</x>
          <y>-0.015525242625178138</y>
        </point>
        <point>
          <x>0.017217187703053357</x>
          <y>-0.016728738416540212</y>
        </point>
        <point>
          <x>0.019991634878470468</x>
          <y>-0.01784174496693423</y>
        </point>
        <point>
          <x>0.022941086625114442</x>
          <y>-0.018839145029406066</y>
        </point>
        <point>
          <x>0.026066084799165445</x>
          <y>-0.019710629695580906</y>
        </point>
        <point>
          <x>0.029385340452972804</x>
          <y>-0.02044079391044487</y>
        </point>
        <point>
          <x>0.03291462902237958</x>
          <y>-0.021046099011244997</y>
        </point>
        <point>
          <x>0.036628915550813226</x>
          <y>-0.021566326538290964</y>
        </point>
        <point>
          <x>0.040504022458456135</x>
          <y>-0.022000962065529782</y>
        </point>
        <point>
          <x>0.04452066940665164</x>
          <y>-0.02236185088490737</y>
        </point>
        <point>
          <x>0.04865227134019248</x>
          <y>-0.022663101718535472</y>
        </point>
        <point>
          <x>0.052867743773666855</x>
          <y>-0.02291808252686751</y>
        </point>
        <point>
          <x>0.057129239361292564</x>
          <y>-0.023132115792147953</y>
        </point>
        <point>
          <x>0.06139928113811658</x>
          <y>-0.023308274281519006</y>
        </point>
        <point>
          <x>0.0656441233776049</x>
          <y>-0.023441002282542978</y>
        </point>
        <point>
          <x>0.06983545945056456</x>
          <y>-0.02352679489240626</y>
        </point>
        <point>
          <x>0.0739446123469734</x>
          <y>-0.02356439692339751</y>
        </point>
        <point>
          <x>0.07794777486784307</x>
          <y>-0.023551044234361482</y>
        </point>
        <point>
          <x>0.08182039905252676</x>
          <y>-0.023488472114347462</y>
        </point>
        <point>
          <x>0.085539432178758</x>
          <y>-0.023376351327717055</y>
        </point>
        <point>
          <x>0.08908126595302661</x>
          <y>-0.02321772721148528</y>
        </point>
        <point>
          <x>0.09242491217775375</x>
          <y>-0.023013765768394062</y>
        </point>
        <point>
          <x>0.09555050751291182</x>
          <y>-0.0227658181915999</y>
        </point>
        <point>
          <x>0.09843912828560972</x>
          <y>-0.02247654572222504</y>
        </point>
        <point>
          <x>0.10107522539560973</x>
          <y>-0.022149165172635488</y>
        </point>
        <point>
          <x>0.10344343493308877</x>
          <y>-0.02178576849764612</y>
        </point>
        <point>
          <x>0.10553045751291139</x>
          <y>-0.021389942890452103</y>
        </point>
        <point>
          <x>0.10732749318014673</x>
          <y>-0.020966016305906998</y>
        </point>
        <point>
          <x>0.10881936321538624</x>
          <y>-0.02051495584127454</y>
        </point>
        <point>
          <x>0.11001558090509199</x>
          <y>-0.020014065440053845</y>
        </point>
        <point>
          <x>0.11097200503092793</x>
          <y>-0.019467920002355282</y>
        </point>
        <point>
          <x>0.11173847909632172</x>
          <y>-0.018966755077526414</y>
        </point>
      </coordinates>
    </element>
    <element>
      <coordinates>
        <point>
          <x>0.5611157763254025</x>
          <y>0.18673606966340028</y>
        </point>
        <point>
          <x>0.5573651397431214</x>
          <y>0.1829041552894412</y>
        </point>
        <point>
          <x>0.5513997947417386</x>
          <y>0.17766037336742369</y>
        </point>
        <point>
          <x>0.5430231843550625</x>
          <y>0.17156687320664332</y>
        </point>
        <point>
          <x>0.532452921570686</x>
          <y>0.16505755344668185</y>
        </point>
        <point>
          <x>0.5199080848445741</x>
          <y>0.15830137499613042</y>
        </point>
        <point>
          <x>0.5055440496576069</x>
          <y>0.15144038086869022</y>
        </point>
        <point>
          <x>0.4895414313160932</x>
          <y>0.14462826279096686</y>
        </point>
        <point>
          <x>0.4720804773380451</x>
          <y>0.13798544442031382</y>
        </point>
        <point>
          <x>0.45337029553598457</x>
          <y>0.1316307748027613</y>
        </point>
        <point>
          <x>0.43362964830664963</x>
          <y>0.12564784078639862</y>
        </point>
        <point>
          <x>0.4130853262906015</x>
          <y>0.12010821271811434</y>
        </point>
        <point>
          <x>0.39196894742050975</x>
          <y>0.11506582984582653</y>
        </point>
        <point>
          <x>0.370514962792463</x>
          <y>0.11054697794597074</y>
        </point>
        <point>
          <x>0.3489614439716307</x>
          <y>0.10656471947075465</y>
        </point>
        <point>
          <x>0.32753565284500885</x>
          <y>0.10311968085381978</y>
        </point>
        <point>
          <x>0.30645126018706914</x>
          <y>0.10017559999047448</y>
        </point>
        <point>
          <x>0.2859263445470257</x>
          <y>0.09769742159905415</y>
        </point>
        <point>
          <x>0.26614734274523316</x>
          <y>0.09562721248945039</y>
        </point>
        <point>
          <x>0.2473031052480998</x>
          <y>0.09389822392206966</y>
        </point>
        <point>
          <x>0.2295452261954046</x>
          <y>0.09242403020059031</y>
        </point>
        <point>
          <x>0.2130265065499535</x>
          <y>0.09111379785394809</y>
        </point>
        <point>
          <x>0.19786810554569254</x>
          <y>0.08985381550263503</y>
        </point>
        <point>
          <x>0.18411756052710862</x>
          <y>0.0884012360184426</y>
        </point>
        <point>
          <x>0.17161220334609073</x>
          <y>0.08669256902737489</y>
        </point>
        <point>
          <x>0.1602805153848194</x>
          <y>0.08490249917874368</y>
        </point>
        <point>
          <x>0.15022503055633246</x>
          <y>0.0831064816186767</y>
        </point>
        <point>
          <x>0.1415459208566828</x>
          <y>0.08133668105153723</y>
        </point>
        <point>
          <x>0.13433816320151906</x>
          <y>0.0796096252114068</y>
        </point>
        <point>
          <x>0.12870198131596322</x>
          <y>0.07790537281139912</y>
        </point>
        <point>
          <x>0.12475559781240388</x>
          <y>0.07624207792598801</y>
        </point>
        <point>
          <x>0.12281201074182198</x>
          <y>0.07425530899084057</y>
        </point>
        <point>
          <x>0.12251691437053489</x>
          <y>0.07152586184378804</y>
        </point>
        <point>
          <x>0.12323685337251669</x>
          <y>0.06822145021095151</y>
        </point>
        <point>
          <x>0.12492985327198106</x>
          <y>0.06463382626007348</y>
        </point>
        <point>
          <x>0.12755808303772603</x>
          <y>0.06091846893017208</y>
        </point>
        <point>
          <x>0.13109614765711589</x>
          <y>0.057220047482091585</y>
        </point>
        <point>
          <x>0.13551587068316454</x>
          <y>0.053658778656909274</y>
        </point>
        <point>
          <x>0.14086762830859115</x>
          <y>0.050362171862933396</y>
        </point>
        <point>
          <x>0.14719429145779483</x>
          <y>0.047346703105176434</y>
        </point>
        <point>
          <x>0.1544273298635825</x>
          <y>0.04460308558771878</y>
        </point>
        <point>
          <x>0.16250655756181198</x>
          <y>0.042195390073941824</y>
        </point>
        <point>
          <x>0.1713798168321646</x>
          <y>0.040175670826026105</y>
        </point>
        <point>
          <x>0.1809929558256331</x>
          <y>0.038585959733640006</y>
        </point>
        <point>
          <x>0.19128820222412923</x>
          <y>0.037481512010679674</y>
        </point>
        <point>
          <x>0.20221623147075368</x>
          <y>0.03688672844784307</y>
        </point>
        <point>
          <x>0.21370604792319042</x>
          <y>0.0368532437899454</y>
        </point>
        <point>
          <x>0.22567542674358415</x>
          <y>0.03743909468523311</y>
        </point>
        <point>
          <x>0.23808900227585605</x>
          <y>0.0387388385319895</y>
        </point>
        <point>
          <x>0.25093150533802056</x>
          <y>0.04079093847987103</y>
        </point>
        <point>
          <x>0.2642453356080423</x>
          <y>0.04368281444713715</y>
        </point>
        <point>
          <x>0.2781154993581269</x>
          <y>0.04738088230530844</y>
        </point>
        <point>
          <x>0.29251733146741815</x>
          <y>0.051698337445734134</y>
        </point>
        <point>
          <x>0.3073618891354023</x>
          <y>0.056596613260619724</y>
        </point>
        <point>
          <x>0.32259874444029113</x>
          <y>0.062000306332906555</y>
        </point>
        <point>
          <x>0.3381546432809218</x>
          <y>0.06781354898314625</y>
        </point>
        <point>
          <x>0.353938700457161</x>
          <y>0.07393564623978244</y>
        </point>
        <point>
          <x>0.3698219354075152</x>
          <y>0.08028390201852556</y>
        </point>
        <point>
          <x>0.38567295392443707</x>
          <y>0.08678443578457117</y>
        </point>
        <point>
          <x>0.40135952276564857</x>
          <y>0.09340104284710966</y>
        </point>
        <point>
          <x>0.41677265438561145</x>
          <y>0.10009914485572377</y>
        </point>
        <point>
          <x>0.4318057748848416</x>
          <y>0.106835347910511</y>
        </point>
        <point>
          <x>0.44636752781677147</x>
          <y>0.11357990095316203</y>
        </point>
        <point>
          <x>0.46037138402694117</x>
          <y>0.12028542182639712</y>
        </point>
        <point>
          <x>0.4737328084895796</x>
          <y>0.12691455074544872</y>
        </point>
        <point>
          <x>0.48637088664799666</x>
          <y>0.13341670460132143</y>
        </point>
        <point>
          <x>0.4982111058489335</x>
          <y>0.13975252948055916</y>
        </point>
        <point>
          <x>0.5091833612138738</x>
          <y>0.14588387829273264</y>
        </point>
        <point>
          <x>0.5192231624620707</x>
          <y>0.15176940299569708</y>
        </point>
        <point>
          <x>0.5282792426370052</x>
          <y>0.15737137601638862</y>
        </point>
        <point>
          <x>0.5362991279591318</x>
          <y>0.16265647755648605</y>
        </point>
        <point>
          <x>0.5432403670214163</x>
          <y>0.16758939368897946</y>
        </point>
        <point>
          <x>0.5490781395157959</x>
          <y>0.17213963777896696</y>
        </point>
        <point>
          <x>0.5537587648396973</x>
          <y>0.1762782978028699</y>
        </point>
        <point>
          <x>0.557278938583267</x>
          <y>0.18010397114541787</y>
        </point>
        <point>
          <x>0.5598498144167847</x>
          <y>0.18369342323390364</y>
        </point>
        <point>
          <x>0.5618039121607521</x>
          <y>0.18680128415111363</y>
        </point>
      </coordinates>
    </element>
  </elements>
</airfoil>
