<airfoil>
  <elements>
    <element>
      <coordinates>
        <point>
          <x>0.11116149835478238</x>
          <y>-0.021209451760489093</y>
        </point>
        <point>
          <x>0.1099027759318284</x>
          <y>-0.021661878670335144</y>
        </point>
        <point>
          <x>0.10799331372292484</x>
          <y>-0.02219044302551735</y>
        </point>
        <point>
          <x>0.10545011326370772</x>
          <y>-0.022647566184674502</y>
        </point>
        <point>
          <x>0.10236921254154419</x>
          <y>-0.02295949998049064</y>
        </point>
        <point>
          <x>0.09881816865586672</x>
          <y>-0.023112135114036533</y>
        </point>
        <point>
          <x>0.09484731004123796</x>
          <y>-0.023090478257647217</y>
        </point>
        <point>
          <x>0.09051389827306879</x>
          <y>-0.022879665536273783</y>
        </point>
        <point>
          <x>0.08587149471647927</x>
          <y>-0.022472261886603024</y>
        </point>
        <point>
          <x>0.08097996875393407</x>
          <y>-0.021864324081111264</y>
        </point>
        <point>
          <x>0.07589752277188817</x>
          <y>-0.02106087524740407</y>
        </point>
        <point>
          <x>0.07068285482768412</x>
          <y>-0.020070509270761688</y>
        </point>
        <point>
          <x>0.0653938294806597</x>
          <y>-0.018906303214028995</y>
        </point>
        <point>
          <x>0.06008594024875424</x>
          <y>-0.017587850531896605</y>
        </point>
        <point>
          <x>0.05481405552640351</x>
          <y>-0.016138107062228593</y>
        </point>
        <point>
          <x>0.04962926457586741</x>
          <y>-0.01458164510816775</y>
        </point>
        <point>
          <x>0.044575594065941596</x>
          <y>-0.01294984066108894</y>
        </point>
        <point>
          <x>0.03969819145981291</x>
          <y>-0.01127427808686823</y>
        </point>
        <point>
          <x>0.035032612742035334</x>
          <y>-0.009588237138545544</y>
        </point>
        <point>
          <x>0.030613997148160405</x>
          <y>-0.007927239157943104</y>
        </point>
        <point>
          <x>0.026466980015216895</x>
          <y>-0.006327171705154626</y>
        </point>
        <point>
          <x>0.022615988305732346</x>
          <y>-0.004825043134664983</y>
        </point>
        <point>
          <x>0.019075857503601433</x>
          <y>-0.003459557188122893</y>
        </point>
        <point>
          <x>0.01583085220819457</x>
          <y>-0.0022904032646460033</y>
        </point>
        <point>
          <x>0.012837548734642984</x>
          <y>-0.001314146310753227</y>
        </point>
        <point>
          <x>0.010098886465540217</x>
          <y>-0.0004837918839011204</y>
        </point>
        <point>
          <x>0.00764608980006838</x>
          <y>0.00020645022279060243</y>
        </point>
        <point>
          <x>0.005505145383725275</x>
          <y>0.0007529081901854276</y>
        </point>
        <point>
          <x>0.0036991731497227893</x>
          <y>0.0011489645649757762</y>
        </point>
        <point>
          <x>0.0022485052408720277</x>
          <y>0.00137924391322602</y>
        </point>
        <point>
          <x>0.001181657187839454</x>
          <y>0.0014349661147314082</y>
        </point>
        <point>
          <x>0.0005292691606128286</x>
          <y>0.0012002788497779138</y>
        </point>
        <point>
          <x>0.0001662130483858259</x>
          <y>0.0006195971753859851</y>
        </point>
        <point>
          <x>-3.1486689258365345e-05</x>
          <y>-0.00020054327413191183</y>
        </point>
        <point>
          <x>-4.152772911349398e-05</x>
          <y>-0.0011900786537513714</y>
        </point>
        <point>
          <x>0.00014450383075370477</x>
          <y>-0.002309989534283111</y>
        </point>
        <point>
          <x>0.0005366383575551993</x>
          <y>-0.003525035618713726</y>
        </point>
        <point>
          <x>0.00114162275721463</x>
          <y>-0.004805163832983186</y>
        </point>
        <point>
          <x>0.001984632316801692</x>
          <y>-0.006127225852725387</y>
        </point>
        <point>
          <x>0.003077083354729156</x>
          <y>-0.007492184628561202</y>
        </point>
        <point>
          <x>0.004402580704132075</x>
          <y>-0.008894672954190273</y>
        </point>
        <point>
          <x>0.005954579582010496</x>
          <y>-0.010313761954452105</y>
        </point>
        <point>
          <x>0.007727030876252001</x>
          <y>-0.011732093511860883</y>
        </point>
        <point>
          <x>0.009712347931350623</x>
          <y>-0.013134342723211895</y>
        </point>
        <point>
          <x>0.011903569215303994</x>
          <y>-0.014501822302126965</y>
        </point>
        <point>
          <x>0.014292274574601332</x>
          <y>-0.01582369052296601</y>
        </point>
        <point>
          <x>0.016868140094066796</x>
          <y>-0.017080634975847244</y>
        </point>
        <point>
          <x>0.01961901701874465</x>
          <y>-0.018250684913104154</y>
        </point>
        <point>
          <x>0.02254724799887905</x>
          <y>-0.019308766109128895</y>
        </point>
        <point>
          <x>0.025653587610589657</x>
          <y>-0.020244583039899844</y>
        </point>
        <point>
          <x>0.028957060967371936</x>
          <y>-0.021043120238175346</y>
        </point>
        <point>
          <x>0.03247310028546994</x>
          <y>-0.021721161228668524</y>
        </point>
        <point>
          <x>0.03617585462357943</x>
          <y>-0.022317962206224087</y>
        </point>
        <point>
          <x>0.04004116217598253</x>
          <y>-0.022832509689490237</y>
        </point>
        <point>
          <x>0.04404950215829625</x>
          <y>-0.023276248388033972</y>
        </point>
        <point>
          <x>0.048174003896287045</x>
          <y>-0.02366273514758853</y>
        </point>
        <point>
          <x>0.052383313538156735</x>
          <y>-0.024004693315882338</y>
        </point>
        <point>
          <x>0.056639481918376276</x>
          <y>-0.02430666285278847</y>
        </point>
        <point>
          <x>0.060904976620419035</x>
          <y>-0.024570942129397682</y>
        </point>
        <point>
          <x>0.06514617381255032</x>
          <y>-0.02479127991067388</y>
        </point>
        <point>
          <x>0.06933484526049</x>
          <y>-0.024963587628478136</y>
        </point>
        <point>
          <x>0.07344234598095555</x>
          <y>-0.025086018303453857</y>
        </point>
        <point>
          <x>0.07744493091723147</x>
          <y>-0.025155316865466928</y>
        </point>
        <point>
          <x>0.08131802151459745</x>
          <y>-0.02517271142194786</y>
        </point>
        <point>
          <x>0.08503857676172677</x>
          <y>-0.025137396866046074</y>
        </point>
        <point>
          <x>0.08858293052378906</x>
          <y>-0.025051930474084445</y>
        </point>
        <point>
          <x>0.09193007500373869</x>
          <y>-0.024917044682605943</y>
        </point>
        <point>
          <x>0.09506012319892115</x>
          <y>-0.02473368030265474</y>
        </point>
        <point>
          <x>0.09795410052657197</x>
          <y>-0.02450410731416737</y>
        </point>
        <point>
          <x>0.10059639478710009</x>
          <y>-0.024231220820583987</y>
        </point>
        <point>
          <x>0.10297160215541563</x>
          <y>-0.023916795130953572</y>
        </point>
        <point>
          <x>0.10506635202070985</x>
          <y>-0.023564142097718663</y>
        </point>
        <point>
          <x>0.10687175694973867</x>
          <y>-0.023177407071326636</y>
        </point>
        <point>
          <x>0.10837262149191344</x>
          <y>-0.02275724356643532</y>
        </point>
        <point>
          <x>0.10957892548371519</x>
          <y>-0.02228115677333643</y>
        </point>
        <point>
          <x>0.11054642134831538</x>
          <y>-0.021754873865024296</y>
        </point>
        <point>
          <x>0.11132307898203345</x>
          <y>-0.021269640215338424</y>
        </point>
      </coordinates>
    </element>
    <element>
      <coordinates>
        <point>
          <x>0.5601157763254025</x>
          <y>0.23873606966340027</y>
        </point>
        <point>
          <x>0.5563651397431214</x>
          <y>0.2349041552894412</y>
        </point>
        <point>
          <x>0.5503997947417385</x>
          <y>0.22966037336742368</y>
        </point>
        <point>
          <x>0.5420231843550625</x>
          <y>0.2235668732066433</y>
        </point>
        <point>
          <x>0.531452921570686</x>
          <y>0.21705755344668184</y>
        </point>
        <point>
          <x>0.5189080848445742</x>
          <y>0.2103013749961304</y>
        </point>
        <point>
          <x>0.504544049657607</x>
          <y>0.2034403808686902</y>
        </point>
        <point>
          <x>0.4885414313160932</x>
          <y>0.19662826279096685</y>
        </point>
        <point>
          <x>0.4710804773380451</x>
          <y>0.18998544442031381</y>
        </point>
        <point>
          <x>0.45237029553598457</x>
          <y>0.1836307748027613</y>
        </point>
        <point>
          <x>0.43262964830664963</x>
          <y>0.17764784078639861</y>
        </point>
        <point>
          <x>0.4120853262906015</x>
          <y>0.17210821271811433</y>
        </point>
        <point>
          <x>0.39096894742050975</x>
          <y>0.16706582984582652</y>
        </point>
        <point>
          <x>0.369514962792463</x>
          <y>0.16254697794597073</y>
        </point>
        <point>
          <x>0.3479614439716307</x>
          <y>0.15856471947075462</y>
        </point>
        <point>
          <x>0.32653565284500885</x>
          <y>0.15511968085381977</y>
        </point>
        <point>
          <x>0.30545126018706914</x>
          <y>0.15217559999047447</y>
        </point>
        <point>
          <x>0.2849263445470257</x>
          <y>0.14969742159905414</y>
        </point>
        <point>
          <x>0.26514734274523316</x>
          <y>0.14762721248945038</y>
        </point>
        <point>
          <x>0.2463031052480998</x>
          <y>0.14589822392206966</y>
        </point>
        <point>
          <x>0.2285452261954046</x>
          <y>0.1444240302005903</y>
        </point>
        <point>
          <x>0.2120265065499535</x>
          <y>0.1431137978539481</y>
        </point>
        <point>
          <x>0.19686810554569253</x>
          <y>0.14185381550263504</y>
        </point>
        <point>
          <x>0.18311756052710862</x>
          <y>0.1404012360184426</y>
        </point>
        <point>
          <x>0.17061220334609073</x>
          <y>0.13869256902737487</y>
        </point>
        <point>
          <x>0.1592805153848194</x>
          <y>0.13690249917874367</y>
        </point>
        <point>
          <x>0.14922503055633246</x>
          <y>0.1351064816186767</y>
        </point>
        <point>
          <x>0.1405459208566828</x>
          <y>0.13333668105153723</y>
        </point>
        <point>
          <x>0.13333816320151906</x>
          <y>0.1316096252114068</y>
        </point>
        <point>
          <x>0.12770198131596322</x>
          <y>0.1299053728113991</y>
        </point>
        <point>
          <x>0.12375559781240388</x>
          <y>0.128242077925988</y>
        </point>
        <point>
          <x>0.12181201074182198</x>
          <y>0.12625530899084056</y>
        </point>
        <point>
          <x>0.12151691437053488</x>
          <y>0.12352586184378803</y>
        </point>
        <point>
          <x>0.12223685337251669</x>
          <y>0.1202214502109515</y>
        </point>
        <point>
          <x>0.12392985327198106</x>
          <y>0.11663382626007347</y>
        </point>
        <point>
          <x>0.12655808303772603</x>
          <y>0.11291846893017207</y>
        </point>
        <point>
          <x>0.13009614765711588</x>
          <y>0.10922004748209158</y>
        </point>
        <point>
          <x>0.13451587068316453</x>
          <y>0.10565877865690926</y>
        </point>
        <point>
          <x>0.13986762830859115</x>
          <y>0.1023621718629334</y>
        </point>
        <point>
          <x>0.14619429145779483</x>
          <y>0.09934670310517643</y>
        </point>
        <point>
          <x>0.1534273298635825</x>
          <y>0.09660308558771877</y>
        </point>
        <point>
          <x>0.16150655756181198</x>
          <y>0.09419539007394181</y>
        </point>
        <point>
          <x>0.1703798168321646</x>
          <y>0.0921756708260261</y>
        </point>
        <point>
          <x>0.1799929558256331</x>
          <y>0.09058595973364</y>
        </point>
        <point>
          <x>0.19028820222412923</x>
          <y>0.08948151201067966</y>
        </point>
        <point>
          <x>0.20121623147075368</x>
          <y>0.08888672844784307</y>
        </point>
        <point>
          <x>0.21270604792319042</x>
          <y>0.08885324378994539</y>
        </point>
        <point>
          <x>0.22467542674358415</x>
          <y>0.0894390946852331</y>
        </point>
        <point>
          <x>0.23708900227585605</x>
          <y>0.0907388385319895</y>
        </point>
        <point>
          <x>0.24993150533802053</x>
          <y>0.09279093847987102</y>
        </point>
        <point>
          <x>0.2632453356080423</x>
          <y>0.09568281444713714</y>
        </point>
        <point>
          <x>0.2771154993581269</x>
          <y>0.09938088230530842</y>
        </point>
        <point>
          <x>0.29151733146741815</x>
          <y>0.10369833744573412</y>
        </point>
        <point>
          <x>0.3063618891354023</x>
          <y>0.10859661326061971</y>
        </point>
        <point>
          <x>0.32159874444029113</x>
          <y>0.11400030633290655</y>
        </point>
        <point>
          <x>0.3371546432809218</x>
          <y>0.11981354898314624</y>
        </point>
        <point>
          <x>0.352938700457161</x>
          <y>0.12593564623978243</y>
        </point>
        <point>
          <x>0.3688219354075152</x>
          <y>0.13228390201852555</y>
        </point>
        <point>
          <x>0.38467295392443707</x>
          <y>0.13878443578457114</y>
        </point>
        <point>
          <x>0.40035952276564857</x>
          <y>0.14540104284710964</y>
        </point>
        <point>
          <x>0.41577265438561145</x>
          <y>0.15209914485572376</y>
        </point>
        <point>
          <x>0.4308057748848416</x>
          <y>0.158835347910511</y>
        </point>
        <point>
          <x>0.44536752781677147</x>
          <y>0.16557990095316202</y>
        </point>
        <point>
          <x>0.45937138402694117</x>
          <y>0.1722854218263971</y>
        </point>
        <point>
          <x>0.4727328084895796</x>
          <y>0.1789145507454487</y>
        </point>
        <point>
          <x>0.48537088664799666</x>
          <y>0.18541670460132142</y>
        </point>
        <point>
          <x>0.4972111058489335</x>
          <y>0.19175252948055915</y>
        </point>
        <point>
          <x>0.5081833612138738</x>
          <y>0.19788387829273263</y>
        </point>
        <point>
          <x>0.5182231624620706</x>
          <y>0.20376940299569707</y>
        </point>
        <point>
          <x>0.5272792426370052</x>
          <y>0.2093713760163886</y>
        </point>
        <point>
          <x>0.5352991279591317</x>
          <y>0.21465647755648604</y>
        </point>
        <point>
          <x>0.5422403670214163</x>
          <y>0.21958939368897945</y>
        </point>
        <point>
          <x>0.5480781395157959</x>
          <y>0.22413963777896695</y>
        </point>
        <point>
          <x>0.5527587648396973</x>
          <y>0.2282782978028699</y>
        </point>
        <point>
          <x>0.5562789385832672</x>
          <y>0.23210397114541786</y>
        </point>
        <point>
          <x>0.5588498144167847</x>
          <y>0.23569342323390363</y>
        </point>
        <point>
          <x>0.5608039121607522</x>
          <y>0.23880128415111362</y>
        </point>
      </coordinates>
    </element>
  </elements>
</airfoil>
