<airfoil>
  <elements>
    <element>
      <coordinates>
        <point>
          <x>0.11157569027198203</x>
          <y>-0.018909915409423054</y>
        </point>
        <point>
          <x>0.11032657684724576</x>
          <y>-0.019388233189715234</y>
        </point>
        <point>
          <x>0.10842843425645644</x>
          <y>-0.01995610721609051</y>
        </point>
        <point>
          <x>0.10589521353555056</x>
          <y>-0.0204656392931701</y>
        </point>
        <point>
          <x>0.10282140961341121</x>
          <y>-0.020841114193850253</y>
        </point>
        <point>
          <x>0.09927427389243751</x>
          <y>-0.02106703085767191</y>
        </point>
        <point>
          <x>0.09530381453093233</x>
          <y>-0.021127360083059415</y>
        </point>
        <point>
          <x>0.09096697402291996</x>
          <y>-0.021006058953373537</y>
        </point>
        <point>
          <x>0.0863171488144203</x>
          <y>-0.020694588174003794</y>
        </point>
        <point>
          <x>0.0814141141159309</x>
          <y>-0.020187769307929516</y>
        </point>
        <point>
          <x>0.07631616361463252</x>
          <y>-0.019489422778539104</y>
        </point>
        <point>
          <x>0.07108216028401335</x>
          <y>-0.018606928772288957</y>
        </point>
        <point>
          <x>0.0657702263359032</x>
          <y>-0.017552166905840008</y>
        </point>
        <point>
          <x>0.060436247982093204</x>
          <y>-0.016343580750745407</y>
        </point>
        <point>
          <x>0.055135555863130715</x>
          <y>-0.01500298845121171</y>
        </point>
        <point>
          <x>0.049919735666080545</x>
          <y>-0.01355390229530397</y>
        </point>
        <point>
          <x>0.04483345245734966</x>
          <y>-0.012026782621872234</y>
        </point>
        <point>
          <x>0.03992249616089619</x>
          <y>-0.010452274960181134</y>
        </point>
        <point>
          <x>0.0352231022690254</x>
          <y>-0.008862917888831994</y>
        </point>
        <point>
          <x>0.030771135893213383</x>
          <y>-0.007293499701528403</y>
        </point>
        <point>
          <x>0.02659196804614686</x>
          <y>-0.005779391693344915</y>
        </point>
        <point>
          <x>0.022710784550097944</x>
          <y>-0.004357090016907213</y>
        </point>
        <point>
          <x>0.0191432167956859</x>
          <y>-0.003064983874177668</y>
        </point>
        <point>
          <x>0.015874765070318354</x>
          <y>-0.00196307481125918</y>
        </point>
        <point>
          <x>0.012861944025393836</x>
          <y>-0.001048825022601878</y>
        </point>
        <point>
          <x>0.01010672218015485</x>
          <y>-0.0002751893965363008</y>
        </point>
        <point>
          <x>0.007640197735076789</x>
          <y>0.0003642656916695615</y>
        </point>
        <point>
          <x>0.005488427604250335</x>
          <y>0.0008664057200312807</y>
        </point>
        <point>
          <x>0.003674663415420132</x>
          <y>0.0012250919747402028</y>
        </point>
        <point>
          <x>0.0022195504154629694</x>
          <y>0.0014253720719931903</y>
        </point>
        <point>
          <x>0.0011517793294645725</x>
          <y>0.0014590564883575068</y>
        </point>
        <point>
          <x>0.0005043756578399671</x>
          <y>0.0012109501878188468</y>
        </point>
        <point>
          <x>0.00015338555483474572</x>
          <y>0.0006228967079444531</y>
        </point>
        <point>
          <x>-2.7339606041297828e-05</x>
          <y>-0.00020115059617487247</y>
        </point>
        <point>
          <x>-1.6948777845346345e-05</x>
          <y>-0.0011906823645832457</y>
        </point>
        <point>
          <x>0.00019216456148437482</x>
          <y>-0.002306513773405552</y>
        </point>
        <point>
          <x>0.0006093010778681395</x>
          <y>-0.0035132049522492597</y>
        </point>
        <point>
          <x>0.0012405857700510052</x>
          <y>-0.00478056993764833</y>
        </point>
        <point>
          <x>0.002110710643903543</x>
          <y>-0.006084945575838151</y>
        </point>
        <point>
          <x>0.003231109465351689</x>
          <y>-0.007427058913413486</y>
        </point>
        <point>
          <x>0.004585279751957604</x>
          <y>-0.008801882379053222</y>
        </point>
        <point>
          <x>0.006166246022809106</x>
          <y>-0.010188626680656765</y>
        </point>
        <point>
          <x>0.007967602083301372</x>
          <y>-0.011570062289191515</y>
        </point>
        <point>
          <x>0.009981446500449275</x>
          <y>-0.012931024200312552</y>
        </point>
        <point>
          <x>0.012200433412511447</x>
          <y>-0.014252972837021555</y>
        </point>
        <point>
          <x>0.014615920624844396</x>
          <y>-0.015525242625178138</y>
        </point>
        <point>
          <x>0.017217187703053357</x>
          <y>-0.016728738416540212</y>
        </point>
        <point>
          <x>0.019991634878470468</x>
          <y>-0.01784174496693423</y>
        </point>
        <point>
          <x>0.022941086625114442</x>
          <y>-0.018839145029406066</y>
        </point>
        <point>
          <x>0.026066084799165445</x>
          <y>-0.019710629695580906</y>
        </point>
        <point>
          <x>0.029385340452972804</x>
          <y>-0.02044079391044487</y>
        </point>
        <point>
          <x>0.03291462902237958</x>
          <y>-0.021046099011244997</y>
        </point>
        <point>
          <x>0.036628915550813226</x>
          <y>-0.021566326538290964</y>
        </point>
        <point>
          <x>0.040504022458456135</x>
          <y>-0.022000962065529782</y>
        </point>
        <point>
          <x>0.04452066940665164</x>
          <y>-0.02236185088490737</y>
        </point>
        <point>
          <x>0.04865227134019248</x>
          <y>-0.022663101718535472</y>
        </point>
        <point>
          <x>0.052867743773666855</x>
          <y>-0.02291808252686751</y>
        </point>
        <point>
          <x>0.057129239361292564</x>
          <y>-0.023132115792147953</y>
        </point>
        <point>
          <x>0.06139928113811658</x>
          <y>-0.023308274281519006</y>
        </point>
        <point>
          <x>0.0656441233776049</x>
          <y>-0.023441002282542978</y>
        </point>
        <point>
          <x>0.06983545945056456</x>
          <y>-0.02352679489240626</y>
        </point>
        <point>
          <x>0.0739446123469734</x>
          <y>-0.02356439692339751</y>
        </point>
        <point>
          <x>0.07794777486784307</x>
          <y>-0.023551044234361482</y>
        </point>
        <point>
          <x>0.08182039905252676</x>
          <y>-0.023488472114347462</y>
        </point>
        <point>
          <x>0.085539432178758</x>
          <y>-0.023376351327717055</y>
        </point>
        <point>
          <x>0.08908126595302661</x>
          <y>-0.02321772721148528</y>
        </point>
        <point>
          <x>0.09242491217775375</x>
          <y>-0.023013765768394062</y>
        </point>
        <point>
          <x>0.09555050751291182</x>
          <y>-0.0227658181915999</y>
        </point>
        <point>
          <x>0.09843912828560972</x>
          <y>-0.02247654572222504</y>
        </point>
        <point>
          <x>0.10107522539560973</x>
          <y>-0.022149165172635488</y>
        </point>
        <point>
          <x>0.10344343493308877</x>
          <y>-0.02178576849764612</y>
        </point>
        <point>
          <x>0.10553045751291139</x>
          <y>-0.021389942890452103</y>
        </point>
        <point>
          <x>0.10732749318014673</x>
          <y>-0.020966016305906998</y>
        </point>
        <point>
          <x>0.10881936321538624</x>
          <y>-0.02051495584127454</y>
        </point>
        <point>
          <x>0.11001558090509199</x>
          <y>-0.020014065440053845</y>
        </point>
        <point>
          <x>0.11097200503092793</x>
          <y>-0.019467920002355282</y>
        </point>
        <point>
          <x>0.11173847909632172</x>
          <y>-0.018966755077526414</y>
        </point>
      </coordinates>
    </element>
    <element>
      <coordinates>
        <point>
          <x>0.5627636342732408</x>
          <y>0.18042334376505909</y>
        </point>
        <point>
          <x>0.558958278725578</x>
          <y>0.1766457636272496</y>
        </point>
        <point>
          <x>0.5529181396950087</x>
          <y>0.17148831170574882</y>
        </point>
        <point>
          <x>0.5444547648206619</x>
          <y>0.16551590586589854</y>
        </point>
        <point>
          <x>0.5337919844901372</x>
          <y>0.15915927038074043</y>
        </point>
        <point>
          <x>0.5211512843337673</x>
          <y>0.15258419811518684</y>
        </point>
        <point>
          <x>0.5066900664877522</x>
          <y>0.14593048293648453</y>
        </point>
        <point>
          <x>0.49059113782395636</x>
          <y>0.13934920324580005</y>
        </point>
        <point>
          <x>0.4730364590353031</x>
          <y>0.13295817810454105</y>
        </point>
        <point>
          <x>0.4542368254802062</x>
          <y>0.1268732370852315</y>
        </point>
        <point>
          <x>0.43441217899661594</x>
          <y>0.12117481236625255</y>
        </point>
        <point>
          <x>0.41379031602657607</x>
          <y>0.11593120541312388</y>
        </point>
        <point>
          <x>0.3926036062518986</x>
          <y>0.1111930189942938</y>
        </point>
        <point>
          <x>0.3710868545397795</x>
          <y>0.10698316452266154</y>
        </point>
        <point>
          <x>0.349478295687241</x>
          <y>0.10331127938832274</y>
        </point>
        <point>
          <x>0.3280051770883855</x>
          <y>0.10017472170301145</y>
        </point>
        <point>
          <x>0.3068806259355703</x>
          <y>0.09753416030887671</y>
        </point>
        <point>
          <x>0.2863221940954206</x>
          <y>0.09535140735800966</y>
        </point>
        <point>
          <x>0.2665154659702448</x>
          <y>0.09356585450016185</y>
        </point>
        <point>
          <x>0.24764831258223519</x>
          <y>0.09210804403654912</y>
        </point>
        <point>
          <x>0.22987106950505765</x>
          <y>0.09088937913037368</y>
        </point>
        <point>
          <x>0.21333521562231994</x>
          <y>0.08981683827056987</y>
        </point>
        <point>
          <x>0.1981602623533131</x>
          <y>0.0887749794437325</y>
        </point>
        <point>
          <x>0.18439024973783374</x>
          <y>0.08752029699962999</y>
        </point>
        <point>
          <x>0.17186161339347175</x>
          <y>0.08599164646339494</y>
        </point>
        <point>
          <x>0.16050535424126594</x>
          <y>0.08436472293029901</y>
        </point>
        <point>
          <x>0.15042508071276023</x>
          <y>0.08271349920151262</y>
        </point>
        <point>
          <x>0.14172141700617308</x>
          <y>0.08106869607996961</y>
        </point>
        <point>
          <x>0.1344895679010132</x>
          <y>0.07944547372591626</y>
        </point>
        <point>
          <x>0.12882945998205753</x>
          <y>0.07782245159551415</y>
        </point>
        <point>
          <x>0.12485956471009595</x>
          <y>0.0762160817244517</y>
        </point>
        <point>
          <x>0.12288760687167145</x>
          <y>0.0742574690046737</y>
        </point>
        <point>
          <x>0.12255328879032341</x>
          <y>0.07153254790170874</y>
        </point>
        <point>
          <x>0.12322563254101514</x>
          <y>0.06821812453003369</y>
        </point>
        <point>
          <x>0.12486686368160141</x>
          <y>0.0646065245223266</y>
        </point>
        <point>
          <x>0.1274413910383801</x>
          <y>0.060853754787904016</y>
        </point>
        <point>
          <x>0.13092590271601076</x>
          <y>0.05710483483316296</y>
        </point>
        <point>
          <x>0.13529395402032723</x>
          <y>0.053480374173277244</y>
        </point>
        <point>
          <x>0.14059774964954272</x>
          <y>0.05010714456963111</y>
        </point>
        <point>
          <x>0.1468803930363937</x>
          <y>0.04700100379591242</y>
        </point>
        <point>
          <x>0.15407322744697846</x>
          <y>0.04415365155152685</y>
        </point>
        <point>
          <x>0.16211699454387246</x>
          <y>0.04163001750954977</y>
        </point>
        <point>
          <x>0.1709602905937449</x>
          <y>0.03948290063019501</y>
        </point>
        <point>
          <x>0.18054957380888126</x>
          <y>0.03775510721519869</y>
        </point>
        <point>
          <x>0.19082787247174088</x>
          <y>0.036502717589100495</y>
        </point>
        <point>
          <x>0.20174621803437714</x>
          <y>0.03575083935656518</y>
        </point>
        <point>
          <x>0.21323436475644603</x>
          <y>0.03555212291230642</y>
        </point>
        <point>
          <x>0.2252109309291836</x>
          <y>0.03596578137968959</y>
        </point>
        <point>
          <x>0.23764191438533025</x>
          <y>0.037086870972723236</y>
        </point>
        <point>
          <x>0.2505126006611401</x>
          <y>0.038954070449876005</y>
        </point>
        <point>
          <x>0.263866642237291</x>
          <y>0.041654180938621346</y>
        </point>
        <point>
          <x>0.27778855362137245</x>
          <y>0.04515239930681718</y>
        </point>
        <point>
          <x>0.292250985802895</x>
          <y>0.049262294973213376</y>
        </point>
        <point>
          <x>0.30716445055205976</x>
          <y>0.05394658440622442</y>
        </point>
        <point>
          <x>0.32247744078409524</x>
          <y>0.059130597191238365</y>
        </point>
        <point>
          <x>0.3381153312984485</x>
          <y>0.06471952903118769</y>
        </point>
        <point>
          <x>0.3539857981974956</x>
          <y>0.07061400238923689</y>
        </point>
        <point>
          <x>0.36995868500408535</x>
          <y>0.07673318460456355</y>
        </point>
        <point>
          <x>0.3859015486211828</x>
          <y>0.0830050923648809</y>
        </point>
        <point>
          <x>0.40168164882075275</x>
          <y>0.08939542637192899</y>
        </point>
        <point>
          <x>0.4171895120560409</x>
          <y>0.09587117920288998</y>
        </point>
        <point>
          <x>0.43231795140017704</x>
          <y>0.10239049408641032</y>
        </point>
        <point>
          <x>0.4469751920034788</x>
          <y>0.10892493683944021</y>
        </point>
        <point>
          <x>0.4610740322560311</x>
          <y>0.11542837458185844</y>
        </point>
        <point>
          <x>0.47452940860230325</x>
          <y>0.12186466709202143</y>
        </point>
        <point>
          <x>0.4872596874165902</x>
          <y>0.12818440012548216</y>
        </point>
        <point>
          <x>0.499189797801839</x>
          <y>0.13434929540621332</y>
        </point>
        <point>
          <x>0.510249093535264</x>
          <y>0.14032221796812944</y>
        </point>
        <point>
          <x>0.5203724963782899</x>
          <y>0.14606275148081932</y>
        </point>
        <point>
          <x>0.5295082021151446</x>
          <y>0.15153390954369783</y>
        </point>
        <point>
          <x>0.5376032632201142</x>
          <y>0.15670313043044748</y>
        </point>
        <point>
          <x>0.5446147248259623</x>
          <y>0.16153571436036712</y>
        </point>
        <point>
          <x>0.5505173307625241</x>
          <y>0.16600153479252355</y>
        </point>
        <point>
          <x>0.5552569901941435</x>
          <y>0.1700724546748672</y>
        </point>
        <point>
          <x>0.5588318169833778</x>
          <y>0.17384710871673284</y>
        </point>
        <point>
          <x>0.5614540469295835</x>
          <y>0.17739921780234977</y>
        </point>
        <point>
          <x>0.5634526367976416</x>
          <y>0.18047865541545305</y>
        </point>
      </coordinates>
    </element>
  </elements>
</airfoil>
