<airfoil>
  <elements>
    <element>
      <coordinates>
        <point>
          <x>0.11022256347268726</x>
          <y>-0.02564578058804664</y>
        </point>
        <point>
          <x>0.10894672641620791</x>
          <y>-0.02604741730463781</y>
        </point>
        <point>
          <x>0.10701762177028022</x>
          <y>-0.026499060382587935</y>
        </point>
        <point>
          <x>0.10445814972238254</x>
          <y>-0.026853930773618803</y>
        </point>
        <point>
          <x>0.10136722566174618</x>
          <y>-0.027042186993115527</y>
        </point>
        <point>
          <x>0.09781291769982099</x>
          <y>-0.02705243754408914</y>
        </point>
        <point>
          <x>0.09384611453044622</x>
          <y>-0.02687171739513444</y>
        </point>
        <point>
          <x>0.08952462723620964</x>
          <y>-0.026487468619271794</y>
        </point>
        <point>
          <x>0.08490227204663836</x>
          <y>-0.025894407899409642</y>
        </point>
        <point>
          <x>0.08003902825444298</x>
          <y>-0.02509099366299546</y>
        </point>
        <point>
          <x>0.07499285028416064</x>
          <y>-0.024084576711112613</y>
        </point>
        <point>
          <x>0.06982204478146793</x>
          <y>-0.0228860955934796</y>
        </point>
        <point>
          <x>0.06458390595795474</x>
          <y>-0.02151093504663288</y>
        </point>
        <point>
          <x>0.059333097827376335</x>
          <y>-0.019980895978814115</y>
        </point>
        <point>
          <x>0.05412352507792296</x>
          <y>-0.018321113938378434</y>
        </point>
        <point>
          <x>0.049005251540628035</x>
          <y>-0.016558188241524895</y>
        </point>
        <point>
          <x>0.04402101155335079</x>
          <y>-0.01472523348877553</y>
        </point>
        <point>
          <x>0.03921465100065492</x>
          <y>-0.012855617389174057</y>
        </point>
        <point>
          <x>0.03462036406790319</x>
          <y>-0.010984017423704202</y>
        </point>
        <point>
          <x>0.03027183872341503</x>
          <y>-0.009147334166758649</y>
        </point>
        <point>
          <x>0.026192252798126113</x>
          <y>-0.007382413309443914</y>
        </point>
        <point>
          <x>0.02240453101445044</x>
          <y>-0.005727212089571006</y>
        </point>
        <point>
          <x>0.018921946395601078</x>
          <y>-0.004220997516890925</y>
        </point>
        <point>
          <x>0.015726384894589246</x>
          <y>-0.002922780679359141</y>
        </point>
        <point>
          <x>0.01277459530255779</x>
          <y>-0.0018273896399696732</y>
        </point>
        <point>
          <x>0.010071397335373239</x>
          <y>-0.0008879854412302163</y>
        </point>
        <point>
          <x>0.007648222292569038</x>
          <y>-0.00010003343765965698</y>
        </point>
        <point>
          <x>0.005530888856870027</x>
          <y>0.0005317564214478005</y>
        </point>
        <point>
          <x>0.003742233292027029</x>
          <y>0.0009998457637278584</y>
        </point>
        <point>
          <x>0.0023019554469129273</x>
          <y>0.0012880569517020224</y>
        </point>
        <point>
          <x>0.0012381962102792886</x>
          <y>0.0013864745236930997</y>
        </point>
        <point>
          <x>0.0005769298742681388</x>
          <y>0.0011781116592992997</y>
        </point>
        <point>
          <x>0.00019090193566105606</x>
          <y>0.0006124409262621678</y>
        </point>
        <point>
          <x>-3.949558333700383e-05</x>
          <y>-0.00019912085600677236</y>
        </point>
        <point>
          <x>-8.917136370249929e-05</x>
          <y>-0.0011874595665939268</y>
        </point>
        <point>
          <x>5.184493952793159e-05</x>
          <y>-0.0023139241793639965</y>
        </point>
        <point>
          <x>0.0003949874391615738</x>
          <y>-0.0035437045253385027</y>
        </point>
        <point>
          <x>0.0009482016119883328</x>
          <y>-0.004847041952018027</y>
        </point>
        <point>
          <x>0.001737569903209313</x>
          <y>-0.0062018152918852055</y>
        </point>
        <point>
          <x>0.00277446088839105</x>
          <y>-0.007609444083452373</y>
        </point>
        <point>
          <x>0.004042707584009628</x>
          <y>-0.009063908605485331</y>
        </point>
        <point>
          <x>0.005536608914593281</x>
          <y>-0.010544034587312687</y>
        </point>
        <point>
          <x>0.007250816025809675</x>
          <y>-0.012032235506898192</y>
        </point>
        <point>
          <x>0.00917836229957863</x>
          <y>-0.013512894827092885</y>
        </point>
        <point>
          <x>0.011313040443385014</x>
          <y>-0.01496706137063435</y>
        </point>
        <point>
          <x>0.013646871405061923</x>
          <y>-0.01638356478719156</y>
        </point>
        <point>
          <x>0.016170313251980754</x>
          <y>-0.01774269457393706</y>
        </point>
        <point>
          <x>0.018872107175147323</x>
          <y>-0.019022010917591047</y>
        </point>
        <point>
          <x>0.021755598468629664</x>
          <y>-0.02019655357361148</y>
        </point>
        <point>
          <x>0.02482195356241843</x>
          <y>-0.021256065513136312</y>
        </point>
        <point>
          <x>0.02809078384672334</x>
          <y>-0.022186305508197335</y>
        </point>
        <point>
          <x>0.031576836766555955</x>
          <y>-0.023004661855595278</y>
        </point>
        <point>
          <x>0.03525270945082059</x>
          <y>-0.023749323593753674</y>
        </point>
        <point>
          <x>0.03909430009315801</x>
          <y>-0.02441831008383064</y>
        </point>
        <point>
          <x>0.04308164508221909</x>
          <y>-0.02502227480515926</y>
        </point>
        <point>
          <x>0.04718735220086271</x>
          <y>-0.025573687226055963</y>
        </point>
        <point>
          <x>0.05137958304512981</x>
          <y>-0.026084004380750467</y>
        </point>
        <point>
          <x>0.05562023703526007</x>
          <y>-0.026556242263593783</y>
        </point>
        <point>
          <x>0.05987171980853649</x>
          <y>-0.02699119377552797</y>
        </point>
        <point>
          <x>0.06410068496382451</x>
          <y>-0.02738126566090256</y>
        </point>
        <point>
          <x>0.06827909072499033</x>
          <y>-0.027721241753379977</y>
        </point>
        <point>
          <x>0.07237838909885679</x>
          <y>-0.028008128980031632</y>
        </point>
        <point>
          <x>0.076374984496108</x>
          <y>-0.028237723608606685</y>
        </point>
        <point>
          <x>0.08024426889334135</x>
          <y>-0.028410268093672225</y>
        </point>
        <point>
          <x>0.08396325203090209</x>
          <y>-0.028524034904908072</y>
        </point>
        <point>
          <x>0.08750818432357046</x>
          <y>-0.028580631152107495</y>
        </point>
        <point>
          <x>0.09085804549657897</x>
          <y>-0.02857994706869815</y>
        </point>
        <point>
          <x>0.09399292682186462</x>
          <y>-0.02852212599662937</y>
        </point>
        <point>
          <x>0.09689377800954728</x>
          <y>-0.02840867593307669</y>
        </point>
        <point>
          <x>0.09954488340986022</x>
          <y>-0.028241864200780654</y>
        </point>
        <point>
          <x>0.1019307804815584</x>
          <y>-0.028022846575777333</y>
        </point>
        <point>
          <x>0.10403797666828403</x>
          <y>-0.027754396597850648</y>
        </point>
        <point>
          <x>0.10585742560049739</x>
          <y>-0.027440300240871258</y>
        </point>
        <point>
          <x>0.10737391784547506</x>
          <y>-0.027080601734170744</y>
        </point>
        <point>
          <x>0.1085983264156948</x>
          <y>-0.02665322413956333</y>
        </point>
        <point>
          <x>0.10958612953376315</x>
          <y>-0.026166123587793497</y>
        </point>
        <point>
          <x>0.1103816031100918</x>
          <y>-0.025712393972093902</y>
        </point>
      </coordinates>
    </element>
    <element>
      <coordinates>
        <point>
          <x>0.5018465990489827</x>
          <y>0.18205835638538814</y>
        </point>
        <point>
          <x>0.4980039821744942</x>
          <y>0.178318685531209</y>
        </point>
        <point>
          <x>0.4919130125363042</x>
          <y>0.17322136479401296</y>
        </point>
        <point>
          <x>0.48339084723838893</x>
          <y>0.1673331524664378</y>
        </point>
        <point>
          <x>0.4726655755720448</x>
          <y>0.16108253275705584</y>
        </point>
        <point>
          <x>0.4599603158399313</x>
          <y>0.1546330947288214</y>
        </point>
        <point>
          <x>0.44543384826344634</x>
          <y>0.14812306500396366</y>
        </point>
        <point>
          <x>0.4292704684183715</x>
          <y>0.14170170233916812</y>
        </point>
        <point>
          <x>0.41165329603305506</x>
          <y>0.13548501617409256</y>
        </point>
        <point>
          <x>0.39279426436204146</x>
          <y>0.12958674071035697</y>
        </point>
        <point>
          <x>0.3729141017847087</x>
          <y>0.12408512382293063</y>
        </point>
        <point>
          <x>0.3522412706430783</x>
          <y>0.11904620540489289</y>
        </point>
        <point>
          <x>0.33100863084158894</x>
          <y>0.1145182821859978</y>
        </point>
        <point>
          <x>0.3094512028374726</x>
          <y>0.11052193676040707</y>
        </point>
        <point>
          <x>0.2878073052597738</x>
          <y>0.1070644443497884</y>
        </point>
        <point>
          <x>0.2663041481462515</x>
          <y>0.10414091042233428</y>
        </point>
        <point>
          <x>0.24515445831473698</x>
          <y>0.10170989295739694</y>
        </point>
        <point>
          <x>0.22457539837389282</x>
          <y>0.09973104932493278</y>
        </point>
        <point>
          <x>0.20475194277754347</x>
          <y>0.09814193439757084</y>
        </point>
        <point>
          <x>0.18587126476072152</x>
          <y>0.0968712314662774</y>
        </point>
        <point>
          <x>0.168082814222186</x>
          <y>0.0958288577249186</y>
        </point>
        <point>
          <x>0.15153714045129987</x>
          <y>0.09492029457652923</y>
        </point>
        <point>
          <x>0.13635260458258797</x>
          <y>0.09402892092681665</y>
        </point>
        <point>
          <x>0.12257083054534994</x>
          <y>0.09291080650847143</y>
        </point>
        <point>
          <x>0.1100276558504112</x>
          <y>0.09150643131520983</y>
        </point>
        <point>
          <x>0.09865582652884419</x>
          <y>0.08999216581809628</y>
        </point>
        <point>
          <x>0.08855967923622225</x>
          <y>0.08844095208115259</y>
        </point>
        <point>
          <x>0.07984013777106223</x>
          <y>0.08688251187910595</y>
        </point>
        <point>
          <x>0.07259255252203078</x>
          <y>0.08533106083298117</y>
        </point>
        <point>
          <x>0.06691663321179651</x>
          <y>0.08376422884654813</y>
        </point>
        <point>
          <x>0.06293100857378696</x>
          <y>0.08219729270302113</y>
        </point>
        <point>
          <x>0.06093973130280867</x>
          <y>0.08025832485060963</y>
        </point>
        <point>
          <x>0.06057841666764156</x>
          <y>0.07753685184296946</y>
        </point>
        <point>
          <x>0.06121787048169848</x>
          <y>0.07421592618504093</y>
        </point>
        <point>
          <x>0.06282321807296351</x>
          <y>0.07058823361486363</y>
        </point>
        <point>
          <x>0.06536041656112215</x>
          <y>0.06681012620213891</y>
        </point>
        <point>
          <x>0.06880759281933511</x>
          <y>0.06302684742528239</y>
        </point>
        <point>
          <x>0.07313949909212122</x>
          <y>0.05935926302734465</y>
        </point>
        <point>
          <x>0.07840959423994473</x>
          <y>0.055933621019153015</y>
        </point>
        <point>
          <x>0.08466113678051493</x>
          <y>0.05276535109758053</y>
        </point>
        <point>
          <x>0.0918253910701533</x>
          <y>0.04984683398522736</y>
        </point>
        <point>
          <x>0.09984374535110685</x>
          <y>0.04724358361078894</y>
        </point>
        <point>
          <x>0.10866532182826646</x>
          <y>0.04500890592107078</y>
        </point>
        <point>
          <x>0.11823700569690002</x>
          <y>0.04318613589061155</y>
        </point>
        <point>
          <x>0.12850238398046288</x>
          <y>0.041831915866443976</y>
        </point>
        <point>
          <x>0.13941273943663954</x>
          <y>0.04097183765978133</y>
        </point>
        <point>
          <x>0.15089835171639138</x>
          <y>0.04065924544584383</y>
        </point>
        <point>
          <x>0.16287843010780859</x>
          <y>0.04095415620030604</y>
        </point>
        <point>
          <x>0.17531991643593692</x>
          <y>0.04195195854024928</y>
        </point>
        <point>
          <x>0.18820848039450744</x>
          <y>0.043691475192551524</y>
        </point>
        <point>
          <x>0.20158863280549236</x>
          <y>0.04625907027897265</y>
        </point>
        <point>
          <x>0.2155445390094433</x>
          <y>0.049619104559203195</y>
        </point>
        <point>
          <x>0.230047003196017</x>
          <y>0.05358542773198523</y>
        </point>
        <point>
          <x>0.2450061719295676</x>
          <y>0.058121645222137225</y>
        </point>
        <point>
          <x>0.2603698004254792</x>
          <y>0.06315360088978916</y>
        </point>
        <point>
          <x>0.27606232732596003</x>
          <y>0.06858723487895194</y>
        </point>
        <point>
          <x>0.29199044810989316</x>
          <y>0.07432408977121983</y>
        </point>
        <point>
          <x>0.30802321137671707</x>
          <y>0.080284627158946</y>
        </point>
        <point>
          <x>0.32402746694466195</x>
          <y>0.08639818021614636</y>
        </point>
        <point>
          <x>0.3398701410887875</x>
          <y>0.09263176722469585</y>
        </point>
        <point>
          <x>0.35544143842891407</x>
          <y>0.09895346762865895</y>
        </point>
        <point>
          <x>0.37063376236607043</x>
          <y>0.10532248929043746</y>
        </point>
        <point>
          <x>0.38535506068340264</x>
          <y>0.11171130921651251</y>
        </point>
        <point>
          <x>0.39951767872647304</x>
          <y>0.11807466125003988</y>
        </point>
        <point>
          <x>0.4130361988504672</x>
          <y>0.12437725020644212</y>
        </point>
        <point>
          <x>0.4258285015823833</x>
          <y>0.13057047352864787</y>
        </point>
        <point>
          <x>0.4378191402496736</x>
          <y>0.13661679902245671</y>
        </point>
        <point>
          <x>0.4489371039706219</x>
          <y>0.14247979388427237</y>
        </point>
        <point>
          <x>0.45911691704494756</x>
          <y>0.1481196889102715</y>
        </point>
        <point>
          <x>0.4683064111448637</x>
          <y>0.15350001306844313</y>
        </point>
        <point>
          <x>0.47645231855197967</x>
          <y>0.15858873111760774</y>
        </point>
        <point>
          <x>0.4835113425201713</x>
          <y>0.16335157080696272</y>
        </point>
        <point>
          <x>0.48945792946664024</x>
          <y>0.1677586574481222</y>
        </point>
        <point>
          <x>0.49423771228239116</x>
          <y>0.17178239159073794</y>
        </point>
        <point>
          <x>0.4978497827188935</x>
          <y>0.17552142179528912</y>
        </point>
        <point>
          <x>0.5005070969644666</x>
          <y>0.17904736136470523</y>
        </point>
        <point>
          <x>0.5025361160385617</x>
          <y>0.182106835023794</y>
        </point>
      </coordinates>
    </element>
  </elements>
</airfoil>
