<airfoil>
  <elements>
    <element>
      <coordinates>
        <point>
          <x>0.11116149835478238</x>
          <y>-0.021209451760489093</y>
        </point>
        <point>
          <x>0.1099027759318284</x>
          <y>-0.021661878670335144</y>
        </point>
        <point>
          <x>0.10799331372292484</x>
          <y>-0.02219044302551735</y>
        </point>
        <point>
          <x>0.10545011326370772</x>
          <y>-0.022647566184674502</y>
        </point>
        <point>
          <x>0.10236921254154419</x>
          <y>-0.02295949998049064</y>
        </point>
        <point>
          <x>0.09881816865586672</x>
          <y>-0.023112135114036533</y>
        </point>
        <point>
          <x>0.09484731004123796</x>
          <y>-0.023090478257647217</y>
        </point>
        <point>
          <x>0.09051389827306879</x>
          <y>-0.022879665536273783</y>
        </point>
        <point>
          <x>0.08587149471647927</x>
          <y>-0.022472261886603024</y>
        </point>
        <point>
          <x>0.08097996875393407</x>
          <y>-0.021864324081111264</y>
        </point>
        <point>
          <x>0.07589752277188817</x>
          <y>-0.02106087524740407</y>
        </point>
        <point>
          <x>0.07068285482768412</x>
          <y>-0.020070509270761688</y>
        </point>
        <point>
          <x>0.0653938294806597</x>
          <y>-0.018906303214028995</y>
        </point>
        <point>
          <x>0.06008594024875424</x>
          <y>-0.017587850531896605</y>
        </point>
        <point>
          <x>0.05481405552640351</x>
          <y>-0.016138107062228593</y>
        </point>
        <point>
          <x>0.04962926457586741</x>
          <y>-0.01458164510816775</y>
        </point>
        <point>
          <x>0.044575594065941596</x>
          <y>-0.01294984066108894</y>
        </point>
        <point>
          <x>0.03969819145981291</x>
          <y>-0.01127427808686823</y>
        </point>
        <point>
          <x>0.035032612742035334</x>
          <y>-0.009588237138545544</y>
        </point>
        <point>
          <x>0.030613997148160405</x>
          <y>-0.007927239157943104</y>
        </point>
        <point>
          <x>0.026466980015216895</x>
          <y>-0.006327171705154626</y>
        </point>
        <point>
          <x>0.022615988305732346</x>
          <y>-0.004825043134664983</y>
        </point>
        <point>
          <x>0.019075857503601433</x>
          <y>-0.003459557188122893</y>
        </point>
        <point>
          <x>0.01583085220819457</x>
          <y>-0.0022904032646460033</y>
        </point>
        <point>
          <x>0.012837548734642984</x>
          <y>-0.001314146310753227</y>
        </point>
        <point>
          <x>0.010098886465540217</x>
          <y>-0.0004837918839011204</y>
        </point>
        <point>
          <x>0.00764608980006838</x>
          <y>0.00020645022279060243</y>
        </point>
        <point>
          <x>0.005505145383725275</x>
          <y>0.0007529081901854276</y>
        </point>
        <point>
          <x>0.0036991731497227893</x>
          <y>0.0011489645649757762</y>
        </point>
        <point>
          <x>0.0022485052408720277</x>
          <y>0.00137924391322602</y>
        </point>
        <point>
          <x>0.001181657187839454</x>
          <y>0.0014349661147314082</y>
        </point>
        <point>
          <x>0.0005292691606128286</x>
          <y>0.0012002788497779138</y>
        </point>
        <point>
          <x>0.0001662130483858259</x>
          <y>0.0006195971753859851</y>
        </point>
        <point>
          <x>-3.1486689258365345e-05</x>
          <y>-0.00020054327413191183</y>
        </point>
        <point>
          <x>-4.152772911349398e-05</x>
          <y>-0.0011900786537513714</y>
        </point>
        <point>
          <x>0.00014450383075370477</x>
          <y>-0.002309989534283111</y>
        </point>
        <point>
          <x>0.0005366383575551993</x>
          <y>-0.003525035618713726</y>
        </point>
        <point>
          <x>0.00114162275721463</x>
          <y>-0.004805163832983186</y>
        </point>
        <point>
          <x>0.001984632316801692</x>
          <y>-0.006127225852725387</y>
        </point>
        <point>
          <x>0.003077083354729156</x>
          <y>-0.007492184628561202</y>
        </point>
        <point>
          <x>0.004402580704132075</x>
          <y>-0.008894672954190273</y>
        </point>
        <point>
          <x>0.005954579582010496</x>
          <y>-0.010313761954452105</y>
        </point>
        <point>
          <x>0.007727030876252001</x>
          <y>-0.011732093511860883</y>
        </point>
        <point>
          <x>0.009712347931350623</x>
          <y>-0.013134342723211895</y>
        </point>
        <point>
          <x>0.011903569215303994</x>
          <y>-0.014501822302126965</y>
        </point>
        <point>
          <x>0.014292274574601332</x>
          <y>-0.01582369052296601</y>
        </point>
        <point>
          <x>0.016868140094066796</x>
          <y>-0.017080634975847244</y>
        </point>
        <point>
          <x>0.01961901701874465</x>
          <y>-0.018250684913104154</y>
        </point>
        <point>
          <x>0.02254724799887905</x>
          <y>-0.019308766109128895</y>
        </point>
        <point>
          <x>0.025653587610589657</x>
          <y>-0.020244583039899844</y>
        </point>
        <point>
          <x>0.028957060967371936</x>
          <y>-0.021043120238175346</y>
        </point>
        <point>
          <x>0.03247310028546994</x>
          <y>-0.021721161228668524</y>
        </point>
        <point>
          <x>0.03617585462357943</x>
          <y>-0.022317962206224087</y>
        </point>
        <point>
          <x>0.04004116217598253</x>
          <y>-0.022832509689490237</y>
        </point>
        <point>
          <x>0.04404950215829625</x>
          <y>-0.023276248388033972</y>
        </point>
        <point>
          <x>0.048174003896287045</x>
          <y>-0.02366273514758853</y>
        </point>
        <point>
          <x>0.052383313538156735</x>
          <y>-0.024004693315882338</y>
        </point>
        <point>
          <x>0.056639481918376276</x>
          <y>-0.02430666285278847</y>
        </point>
        <point>
          <x>0.060904976620419035</x>
          <y>-0.024570942129397682</y>
        </point>
        <point>
          <x>0.06514617381255032</x>
          <y>-0.02479127991067388</y>
        </point>
        <point>
          <x>0.06933484526049</x>
          <y>-0.024963587628478136</y>
        </point>
        <point>
          <x>0.07344234598095555</x>
          <y>-0.025086018303453857</y>
        </point>
        <point>
          <x>0.07744493091723147</x>
          <y>-0.025155316865466928</y>
        </point>
        <point>
          <x>0.08131802151459745</x>
          <y>-0.02517271142194786</y>
        </point>
        <point>
          <x>0.08503857676172677</x>
          <y>-0.025137396866046074</y>
        </point>
        <point>
          <x>0.08858293052378906</x>
          <y>-0.025051930474084445</y>
        </point>
        <point>
          <x>0.09193007500373869</x>
          <y>-0.024917044682605943</y>
        </point>
        <point>
          <x>0.09506012319892115</x>
          <y>-0.02473368030265474</y>
        </point>
        <point>
          <x>0.09795410052657197</x>
          <y>-0.02450410731416737</y>
        </point>
        <point>
          <x>0.10059639478710009</x>
          <y>-0.024231220820583987</y>
        </point>
        <point>
          <x>0.10297160215541563</x>
          <y>-0.023916795130953572</y>
        </point>
        <point>
          <x>0.10506635202070985</x>
          <y>-0.023564142097718663</y>
        </point>
        <point>
          <x>0.10687175694973867</x>
          <y>-0.023177407071326636</y>
        </point>
        <point>
          <x>0.10837262149191344</x>
          <y>-0.02275724356643532</y>
        </point>
        <point>
          <x>0.10957892548371519</x>
          <y>-0.02228115677333643</y>
        </point>
        <point>
          <x>0.11054642134831538</x>
          <y>-0.021754873865024296</y>
        </point>
        <point>
          <x>0.11132307898203345</x>
          <y>-0.021269640215338424</y>
        </point>
      </coordinates>
    </element>
    <element>
      <coordinates>
        <point>
          <x>0.5028465990489827</x>
          <y>0.17805835638538814</y>
        </point>
        <point>
          <x>0.4990039821744942</x>
          <y>0.174318685531209</y>
        </point>
        <point>
          <x>0.4929130125363042</x>
          <y>0.16922136479401295</y>
        </point>
        <point>
          <x>0.48439084723838893</x>
          <y>0.1633331524664378</y>
        </point>
        <point>
          <x>0.4736655755720448</x>
          <y>0.15708253275705583</y>
        </point>
        <point>
          <x>0.4609603158399313</x>
          <y>0.1506330947288214</y>
        </point>
        <point>
          <x>0.44643384826344634</x>
          <y>0.14412306500396366</y>
        </point>
        <point>
          <x>0.4302704684183715</x>
          <y>0.13770170233916812</y>
        </point>
        <point>
          <x>0.41265329603305506</x>
          <y>0.13148501617409256</y>
        </point>
        <point>
          <x>0.39379426436204146</x>
          <y>0.12558674071035697</y>
        </point>
        <point>
          <x>0.3739141017847087</x>
          <y>0.12008512382293063</y>
        </point>
        <point>
          <x>0.3532412706430783</x>
          <y>0.11504620540489288</y>
        </point>
        <point>
          <x>0.33200863084158894</x>
          <y>0.1105182821859978</y>
        </point>
        <point>
          <x>0.31045120283747263</x>
          <y>0.10652193676040707</y>
        </point>
        <point>
          <x>0.2888073052597738</x>
          <y>0.1030644443497884</y>
        </point>
        <point>
          <x>0.2673041481462515</x>
          <y>0.10014091042233428</y>
        </point>
        <point>
          <x>0.24615445831473698</x>
          <y>0.09770989295739693</y>
        </point>
        <point>
          <x>0.22557539837389282</x>
          <y>0.09573104932493277</y>
        </point>
        <point>
          <x>0.20575194277754347</x>
          <y>0.09414193439757083</y>
        </point>
        <point>
          <x>0.18687126476072152</x>
          <y>0.09287123146627739</y>
        </point>
        <point>
          <x>0.169082814222186</x>
          <y>0.0918288577249186</y>
        </point>
        <point>
          <x>0.15253714045129987</x>
          <y>0.09092029457652923</y>
        </point>
        <point>
          <x>0.13735260458258797</x>
          <y>0.09002892092681665</y>
        </point>
        <point>
          <x>0.12357083054534994</x>
          <y>0.08891080650847143</y>
        </point>
        <point>
          <x>0.1110276558504112</x>
          <y>0.08750643131520983</y>
        </point>
        <point>
          <x>0.0996558265288442</x>
          <y>0.08599216581809628</y>
        </point>
        <point>
          <x>0.08955967923622225</x>
          <y>0.08444095208115258</y>
        </point>
        <point>
          <x>0.08084013777106223</x>
          <y>0.08288251187910595</y>
        </point>
        <point>
          <x>0.07359255252203079</x>
          <y>0.08133106083298117</y>
        </point>
        <point>
          <x>0.06791663321179651</x>
          <y>0.07976422884654813</y>
        </point>
        <point>
          <x>0.06393100857378696</x>
          <y>0.07819729270302113</y>
        </point>
        <point>
          <x>0.06193973130280867</x>
          <y>0.07625832485060963</y>
        </point>
        <point>
          <x>0.061578416667641564</x>
          <y>0.07353685184296946</y>
        </point>
        <point>
          <x>0.06221787048169848</x>
          <y>0.07021592618504092</y>
        </point>
        <point>
          <x>0.06382321807296351</x>
          <y>0.06658823361486363</y>
        </point>
        <point>
          <x>0.06636041656112215</x>
          <y>0.06281012620213891</y>
        </point>
        <point>
          <x>0.06980759281933512</x>
          <y>0.05902684742528239</y>
        </point>
        <point>
          <x>0.07413949909212122</x>
          <y>0.055359263027344646</y>
        </point>
        <point>
          <x>0.07940959423994473</x>
          <y>0.05193362101915301</y>
        </point>
        <point>
          <x>0.08566113678051493</x>
          <y>0.048765351097580525</y>
        </point>
        <point>
          <x>0.0928253910701533</x>
          <y>0.045846833985227355</y>
        </point>
        <point>
          <x>0.10084374535110685</x>
          <y>0.043243583610788935</y>
        </point>
        <point>
          <x>0.10966532182826647</x>
          <y>0.041008905921070773</y>
        </point>
        <point>
          <x>0.11923700569690002</x>
          <y>0.03918613589061155</y>
        </point>
        <point>
          <x>0.12950238398046288</x>
          <y>0.03783191586644397</y>
        </point>
        <point>
          <x>0.14041273943663954</x>
          <y>0.03697183765978133</y>
        </point>
        <point>
          <x>0.15189835171639138</x>
          <y>0.03665924544584383</y>
        </point>
        <point>
          <x>0.1638784301078086</x>
          <y>0.03695415620030604</y>
        </point>
        <point>
          <x>0.17631991643593692</x>
          <y>0.03795195854024928</y>
        </point>
        <point>
          <x>0.18920848039450744</x>
          <y>0.03969147519255152</y>
        </point>
        <point>
          <x>0.20258863280549236</x>
          <y>0.042259070278972646</y>
        </point>
        <point>
          <x>0.2165445390094433</x>
          <y>0.04561910455920319</y>
        </point>
        <point>
          <x>0.231047003196017</x>
          <y>0.049585427731985224</y>
        </point>
        <point>
          <x>0.2460061719295676</x>
          <y>0.05412164522213722</y>
        </point>
        <point>
          <x>0.2613698004254792</x>
          <y>0.05915360088978915</y>
        </point>
        <point>
          <x>0.27706232732596003</x>
          <y>0.06458723487895193</y>
        </point>
        <point>
          <x>0.29299044810989316</x>
          <y>0.07032408977121983</y>
        </point>
        <point>
          <x>0.30902321137671707</x>
          <y>0.076284627158946</y>
        </point>
        <point>
          <x>0.32502746694466195</x>
          <y>0.08239818021614635</y>
        </point>
        <point>
          <x>0.3408701410887875</x>
          <y>0.08863176722469585</y>
        </point>
        <point>
          <x>0.35644143842891407</x>
          <y>0.09495346762865894</y>
        </point>
        <point>
          <x>0.37163376236607043</x>
          <y>0.10132248929043745</y>
        </point>
        <point>
          <x>0.38635506068340264</x>
          <y>0.10771130921651251</y>
        </point>
        <point>
          <x>0.40051767872647304</x>
          <y>0.11407466125003987</y>
        </point>
        <point>
          <x>0.4140361988504672</x>
          <y>0.12037725020644212</y>
        </point>
        <point>
          <x>0.4268285015823833</x>
          <y>0.12657047352864786</y>
        </point>
        <point>
          <x>0.4388191402496736</x>
          <y>0.1326167990224567</y>
        </point>
        <point>
          <x>0.4499371039706219</x>
          <y>0.13847979388427237</y>
        </point>
        <point>
          <x>0.46011691704494756</x>
          <y>0.1441196889102715</y>
        </point>
        <point>
          <x>0.4693064111448637</x>
          <y>0.14950001306844313</y>
        </point>
        <point>
          <x>0.47745231855197967</x>
          <y>0.15458873111760774</y>
        </point>
        <point>
          <x>0.4845113425201713</x>
          <y>0.15935157080696272</y>
        </point>
        <point>
          <x>0.49045792946664024</x>
          <y>0.1637586574481222</y>
        </point>
        <point>
          <x>0.49523771228239116</x>
          <y>0.16778239159073793</y>
        </point>
        <point>
          <x>0.4988497827188935</x>
          <y>0.17152142179528912</y>
        </point>
        <point>
          <x>0.5015070969644666</x>
          <y>0.17504736136470522</y>
        </point>
        <point>
          <x>0.5035361160385617</x>
          <y>0.17810683502379399</y>
        </point>
      </coordinates>
    </element>
  </elements>
</airfoil>
