<airfoil>
  <elements>
    <element>
      <coordinates>
        <point>
          <x>0.1110038084600428</x>
          <y>-0.022019856217217446</y>
        </point>
        <point>
          <x>0.10974181889353789</x>
          <y>-0.022463088189025367</y>
        </point>
        <point>
          <x>0.10782855140448665</x>
          <y>-0.02297770816545417</y>
        </point>
        <point>
          <x>0.10528208372300833</x>
          <y>-0.02341626546568572</y>
        </point>
        <point>
          <x>0.10219898930395194</x>
          <y>-0.023705714521623636</y>
        </point>
        <point>
          <x>0.09864692638207175</x>
          <y>-0.02383243926665752</y>
        </point>
        <point>
          <x>0.09467633143509266</x>
          <y>-0.023781813938766067</y>
        </point>
        <point>
          <x>0.09034457295267379</x>
          <y>-0.02353939280521494</y>
        </point>
        <point>
          <x>0.08570526511641403</x>
          <y>-0.023098131752754013</y>
        </point>
        <point>
          <x>0.08081830448300953</x>
          <y>-0.022454524430581047</y>
        </point>
        <point>
          <x>0.07574185524425782</x>
          <y>-0.02161401844298964</y>
        </point>
        <point>
          <x>0.07053455119950641</x>
          <y>-0.020585635673046637</y>
        </point>
        <point>
          <x>0.06525415996565356</x>
          <y>-0.019382874981366822</y>
        </point>
        <point>
          <x>0.05995603064153663</x>
          <y>-0.018025734149274508</y>
        </point>
        <point>
          <x>0.05469486268915595</x>
          <y>-0.01653756869125495</y>
        </point>
        <point>
          <x>0.04952156474612633</x>
          <y>-0.014943322973730397</y>
        </point>
        <point>
          <x>0.044479933408841356</x>
          <y>-0.013274693345770321</y>
        </point>
        <point>
          <x>0.03961488451808165</x>
          <y>-0.011563592702056527</y>
        </point>
        <point>
          <x>0.03496173032269501</x>
          <y>-0.009843559305533165</y>
        </point>
        <point>
          <x>0.030555349980304583</x>
          <y>-0.008150369907918346</y>
        </point>
        <point>
          <x>0.02642011635782607</x>
          <y>-0.006520090839193227</y>
        </point>
        <point>
          <x>0.022580185776562844</x>
          <y>-0.004989907673725942</y>
        </point>
        <point>
          <x>0.01905011096588548</x>
          <y>-0.0035986313541469784</y>
        </point>
        <point>
          <x>0.015813721485180607</x>
          <y>-0.002405834894903896</y>
        </point>
        <point>
          <x>0.012827619865293736</x>
          <y>-0.001407766540276325</y>
        </point>
        <point>
          <x>0.010095088254395224</x>
          <y>-0.0005574545423365163</y>
        </point>
        <point>
          <x>0.007647392462669757</x>
          <y>0.00015066335686490974</y>
        </point>
        <point>
          <x>0.005510491656630169</x>
          <y>0.0007127258526314964</y>
        </point>
        <point>
          <x>0.00370745687717837</x>
          <y>0.0011219469983304957</y>
        </point>
        <point>
          <x>0.002258507555930701</x>
          <y>0.0013628034378456537</y>
        </point>
        <point>
          <x>0.0011920944101116403</x>
          <y>0.0014263072520956277</y>
        </point>
        <point>
          <x>0.0005380116039645184</x>
          <y>0.0011963856717628837</y>
        </point>
        <point>
          <x>0.00017072884154044937</x>
          <y>0.0006183680941528729</y>
        </point>
        <point>
          <x>-3.294889705865711e-05</x>
          <y>-0.00020030822894384048</y>
        </point>
        <point>
          <x>-5.020873754827822e-05</x>
          <y>-0.0011897440216592006</y>
        </point>
        <point>
          <x>0.00012764766088988123</x>
          <y>-0.002310982276061273</y>
        </point>
        <point>
          <x>0.0005109074910111032</x>
          <y>-0.0035288568086037073</y>
        </point>
        <point>
          <x>0.0011065367287350972</x>
          <y>-0.004813364566450398</y>
        </point>
        <point>
          <x>0.0019398788677232395</x>
          <y>-0.0061415415053356764</y>
        </point>
        <point>
          <x>0.003022342897457644</x>
          <y>-0.007514433836995794</y>
        </point>
        <point>
          <x>0.004337573243358271</x>
          <y>-0.008926554888471947</y>
        </point>
        <point>
          <x>0.005879177981351814</x>
          <y>-0.010356928594674584</y>
        </point>
        <point>
          <x>0.007641234794914963</x>
          <y>-0.011788153169287413</y>
        </point>
        <point>
          <x>0.009616269031912794</x>
          <y>-0.013204848769155782</y>
        </point>
        <point>
          <x>0.011797455677047344</x>
          <y>-0.014588277817964101</y>
        </point>
        <point>
          <x>0.014176453895734391</x>
          <y>-0.015927537450105625</y>
        </point>
        <point>
          <x>0.016743080939515043</x>
          <y>-0.017203240452427798</y>
        </point>
        <point>
          <x>0.019485348662381087</x>
          <y>-0.018393328031779448</y>
        </point>
        <point>
          <x>0.02240578257902968</x>
          <y>-0.0194727437204224</y>
        </point>
        <point>
          <x>0.025505212355584762</x>
          <y>-0.020431197773261515</y>
        </point>
        <point>
          <x>0.028802772143261202</x>
          <y>-0.021253813918677672</y>
        </point>
        <point>
          <x>0.03231377130490278</x>
          <y>-0.021957487819111773</y>
        </point>
        <point>
          <x>0.03601207319704955</x>
          <y>-0.022581286031471852</y>
        </point>
        <point>
          <x>0.039873524050737984</x>
          <y>-0.023124018831060047</y>
        </point>
        <point>
          <x>0.04387852010720321</x>
          <y>-0.023596988210722238</y>
        </point>
        <point>
          <x>0.04800009250452149</x>
          <y>-0.024013554622791294</y>
        </point>
        <point>
          <x>0.05220679540322118</x>
          <y>-0.02438621233715079</y>
        </point>
        <point>
          <x>0.05646064752679572</x>
          <y>-0.02471922433807617</y>
        </point>
        <point>
          <x>0.06072410068996321</x>
          <y>-0.02501461512106892</y>
        </point>
        <point>
          <x>0.0649635775611143</x>
          <y>-0.025265888317759336</y>
        </point>
        <point>
          <x>0.06915088048496217</x>
          <y>-0.025468749532226317</y>
        </point>
        <point>
          <x>0.0732573787149954</x>
          <y>-0.025621142857322716</y>
        </point>
        <point>
          <x>0.07725935157347512</x>
          <y>-0.025719640079576722</y>
        </point>
        <point>
          <x>0.08113221220021313</x>
          <y>-0.025765289963064437</y>
        </point>
        <point>
          <x>0.0848529260706329</x>
          <y>-0.025757119328700336</y>
        </point>
        <point>
          <x>0.08839780902332091</x>
          <y>-0.02569751273055982</y>
        </point>
        <point>
          <x>0.09174584847686228</x>
          <y>-0.025587049325168986</y>
        </point>
        <point>
          <x>0.094877151094229</x>
          <y>-0.02542652481466625</y>
        </point>
        <point>
          <x>0.09777272623716789</x>
          <y>-0.025218070691189337</y>
        </point>
        <point>
          <x>0.10041694100058655</x>
          <y>-0.02496446808371294</y>
        </point>
        <point>
          <x>0.10279437902500498</x>
          <y>-0.02466737887682477</y>
        </point>
        <point>
          <x>0.10489164589410475</x>
          <y>-0.024330017290724152</y>
        </point>
        <point>
          <x>0.10669982416911548</x>
          <y>-0.023956463728059735</y>
        </point>
        <point>
          <x>0.10820371403616941</x>
          <y>-0.023547260829032243</y>
        </point>
        <point>
          <x>0.10941345917506025</x>
          <y>-0.023079987189576736</y>
        </point>
        <point>
          <x>0.11038476874319923</x>
          <y>-0.022560776567149145</y>
        </point>
        <point>
          <x>0.11116494568778224</x>
          <y>-0.02208122186751507</y>
        </point>
      </coordinates>
    </element>
    <element>
      <coordinates>
        <point>
          <x>0.5572158653201993</x>
          <y>0.20004048632594856</y>
        </point>
        <point>
          <x>0.553556685611446</x>
          <y>0.19612114372791656</y>
        </point>
        <point>
          <x>0.5477167265796123</x>
          <y>0.19073807133961393</y>
        </point>
        <point>
          <x>0.5394862222557611</x>
          <y>0.18444862427690115</y>
        </point>
        <point>
          <x>0.5290724873539805</x>
          <y>0.17769171488993768</y>
        </point>
        <point>
          <x>0.5166905527648933</x>
          <y>0.17064142613187477</y>
        </point>
        <point>
          <x>0.5024923992571102</x>
          <y>0.16344342750457416</y>
        </point>
        <point>
          <x>0.486654965550644</x>
          <y>0.15625562950502708</y>
        </point>
        <point>
          <x>0.46935560762844186</x>
          <y>0.14920267514472252</y>
        </point>
        <point>
          <x>0.4508005708858835</x>
          <y>0.14240831421107258</y>
        </point>
        <point>
          <x>0.4312065846144301</x>
          <y>0.1359612719069385</y>
        </point>
        <point>
          <x>0.41079868763964195</x>
          <y>0.129938449702985</y>
        </point>
        <point>
          <x>0.3898071607351201</x>
          <y>0.12439923677760151</y>
        </point>
        <point>
          <x>0.36846576952345744</x>
          <y>0.11937544338375405</y>
        </point>
        <point>
          <x>0.34701221108827707</x>
          <y>0.11488574555520213</y>
        </point>
        <point>
          <x>0.32567366926801616</x>
          <y>0.11093613171853711</y>
        </point>
        <point>
          <x>0.3046646109448383</x>
          <y>0.10749539135381767</y>
        </point>
        <point>
          <x>0.2842038810739759</x>
          <y>0.10453362442811259</y>
        </point>
        <point>
          <x>0.26447923148714114</x>
          <y>0.10199731279320304</y>
        </point>
        <point>
          <x>0.24568103499006616</x>
          <y>0.09982418215473245</y>
        </point>
        <point>
          <x>0.22796288270488396</x>
          <y>0.09793140768911529</y>
        </point>
        <point>
          <x>0.21147967624073744</x>
          <y>0.0962317864996972</y>
        </point>
        <point>
          <x>0.19635522408324918</x>
          <y>0.09461449757453616</y>
        </point>
        <point>
          <x>0.18264278023869104</x>
          <y>0.09283788301987325</y>
        </point>
        <point>
          <x>0.170181219878487</x>
          <y>0.09083463203704786</y>
        </point>
        <point>
          <x>0.15889492266987712</x>
          <y>0.08877769318683253</y>
        </point>
        <point>
          <x>0.14888461364255043</x>
          <y>0.08674491986217936</y>
        </point>
        <point>
          <x>0.14024967799008048</x>
          <y>0.08477083133739036</y>
        </point>
        <point>
          <x>0.13308467622093362</x>
          <y>0.08287419169354066</y>
        </point>
        <point>
          <x>0.12749027466658838</x>
          <y>0.08103742994014437</y>
        </point>
        <point>
          <x>0.12358423468786545</x>
          <y>0.07928148452025847</y>
        </point>
        <point>
          <x>0.12168806583882642</x>
          <y>0.07724941040779751</y>
        </point>
        <point>
          <x>0.12145745200234351</x>
          <y>0.07451376042007565</y>
        </point>
        <point>
          <x>0.12225515705314849</x>
          <y>0.07122725542879384</y>
        </point>
        <point>
          <x>0.12403233440714351</x>
          <y>0.06768057600644013</y>
        </point>
        <point>
          <x>0.12674749509204267</x>
          <y>0.0640282651974347</y>
        </point>
        <point>
          <x>0.1303718377427282</x>
          <y>0.06041435280101143</y>
        </point>
        <point>
          <x>0.1348743572829953</x>
          <y>0.05695835727703965</y>
        </point>
        <point>
          <x>0.14030240733984015</x>
          <y>0.0537889411453544</y>
        </point>
        <point>
          <x>0.14669845815694119</x>
          <y>0.0509235873491259</y>
        </point>
        <point>
          <x>0.1539942176642453</x>
          <y>0.048351394729339844</y>
        </point>
        <point>
          <x>0.1621280049249604</x>
          <y>0.04613499614507559</y>
        </point>
        <point>
          <x>0.17104644853639372</x>
          <y>0.04432520072321607</y>
        </point>
        <point>
          <x>0.18069441999680397</x>
          <y>0.04296275095749637</y>
        </point>
        <point>
          <x>0.19101285934341933</x>
          <y>0.04210152356085814</y>
        </point>
        <point>
          <x>0.20195188002253897</x>
          <y>0.041764748734761034</y>
        </point>
        <point>
          <x>0.21343928785218458</x>
          <y>0.04200237173111629</y>
        </point>
        <point>
          <x>0.2253915115302198</x>
          <y>0.04287047297395262</y>
        </point>
        <point>
          <x>0.23777096419628396</x>
          <y>0.0444627490967646</y>
        </point>
        <point>
          <x>0.25056147339421697</x>
          <y>0.04681729227016186</y>
        </point>
        <point>
          <x>0.2638033643548206</x>
          <y>0.05002249848138804</y>
        </point>
        <point>
          <x>0.2775824120913183</x>
          <y>0.05404679864577899</y>
        </point>
        <point>
          <x>0.29187836594099353</x>
          <y>0.058702858194555924</y>
        </point>
        <point>
          <x>0.30660321783043054</x>
          <y>0.0639500226812994</y>
        </point>
        <point>
          <x>0.3217083329947284</x>
          <y>0.06971171985096224</y>
        </point>
        <point>
          <x>0.3371227396916031</x>
          <y>0.07589038030722982</y>
        </point>
        <point>
          <x>0.3527579538864954</x>
          <y>0.08238319270574702</y>
        </point>
        <point>
          <x>0.36848698211130315</x>
          <y>0.0891044407315009</y>
        </point>
        <point>
          <x>0.384180209923904</x>
          <y>0.09597716421561625</y>
        </point>
        <point>
          <x>0.3997062951322322</x>
          <y>0.10296204854778901</y>
        </point>
        <point>
          <x>0.41495709639657646</x>
          <y>0.11002195347969687</y>
        </point>
        <point>
          <x>0.4298270933512455</x>
          <y>0.11711098261687987</y>
        </point>
        <point>
          <x>0.44422565694880384</x>
          <y>0.12419723765905634</y>
        </point>
        <point>
          <x>0.45806740008985575</x>
          <y>0.1312313080136691</y>
        </point>
        <point>
          <x>0.4712686927740546</x>
          <y>0.13817384972130886</y>
        </point>
        <point>
          <x>0.483749836462084</x>
          <y>0.1449723846033597</y>
        </point>
        <point>
          <x>0.4954372677867452</x>
          <y>0.15158581160136386</y>
        </point>
        <point>
          <x>0.506261801453908</x>
          <y>0.15797434014387352</y>
        </point>
        <point>
          <x>0.5161599407295212</x>
          <y>0.16409511207338218</y>
        </point>
        <point>
          <x>0.5250813230987406</x>
          <y>0.1699092006934138</y>
        </point>
        <point>
          <x>0.5329742755597116</x>
          <y>0.17538205738056123</y>
        </point>
        <point>
          <x>0.539797191743727</x>
          <y>0.1804773764123686</y>
        </point>
        <point>
          <x>0.545525977574356</x>
          <y>0.18516409401442074</y>
        </point>
        <point>
          <x>0.5501076495627335</x>
          <y>0.18941203963637931</y>
        </point>
        <point>
          <x>0.5535365778469911</x>
          <y>0.19331970524774092</y>
        </point>
        <point>
          <x>0.5560220460594623</x>
          <y>0.19696881700427776</y>
        </point>
        <point>
          <x>0.5579022708697228</x>
          <y>0.20012191899066845</y>
        </point>
      </coordinates>
    </element>
  </elements>
</airfoil>
