<airfoil>
  <elements>
    <element>
      <coordinates>
        <point>
          <x>0.1119696919869115</x>
          <y>-0.016416687754141183</y>
        </point>
        <point>
          <x>0.11073155742363786</x>
          <y>-0.01692274610060649</y>
        </point>
        <point>
          <x>0.10884655255630614</x>
          <y>-0.01753281401070813</y>
        </point>
        <point>
          <x>0.10632532630925583</x>
          <y>-0.01809871892284843</y>
        </point>
        <point>
          <x>0.10326066139405601</x>
          <y>-0.018542656880612067</y>
        </point>
        <point>
          <x>0.09971944675685768</x>
          <y>-0.018847630740626904</y>
        </point>
        <point>
          <x>0.09575132060965207</x>
          <y>-0.01899649993375669</y>
        </point>
        <point>
          <x>0.09141285346932117</x>
          <y>-0.018971955519545607</y>
        </point>
        <point>
          <x>0.08675723804355394</x>
          <y>-0.01876426940215143</y>
        </point>
        <point>
          <x>0.0818441191765269</x>
          <y>-0.018366931238790553</y>
        </point>
        <point>
          <x>0.07673186126334126</x>
          <y>-0.01778246035168785</y>
        </point>
        <point>
          <x>0.07147947723882096</x>
          <y>-0.0170169222435808</y>
        </point>
        <point>
          <x>0.06614533981325241</x>
          <y>-0.016080897249711134</y>
        </point>
        <point>
          <x>0.060785732651989326</x>
          <y>-0.014991577897942511</y>
        </point>
        <point>
          <x>0.055456459251982296</x>
          <y>-0.013769542840516789</y>
        </point>
        <point>
          <x>0.050209616873534826</x>
          <y>-0.012437147977524697</y>
        </point>
        <point>
          <x>0.045090538843379234</x>
          <y>-0.011023849885267318</y>
        </point>
        <point>
          <x>0.040145687196373896</x>
          <y>-0.009559265196180142</y>
        </point>
        <point>
          <x>0.035412014133965455</x>
          <y>-0.00807511621800153</y>
        </point>
        <point>
          <x>0.0309261517453317</x>
          <y>-0.0066053826747219544</y>
        </point>
        <point>
          <x>0.026714253634247086</x>
          <y>-0.0051848612013742764</y>
        </point>
        <point>
          <x>0.022802313348351616</x>
          <y>-0.0038494771411174186</y>
        </point>
        <point>
          <x>0.01920681460187358</x>
          <y>-0.002637261512413161</y>
        </point>
        <point>
          <x>0.0159145995310503</x>
          <y>-0.001608524329531134</y>
        </point>
        <point>
          <x>0.012882137002553796</x>
          <y>-0.0007616982918677974</y>
        </point>
        <point>
          <x>0.010110345777264794</x>
          <y>-4.9706085582574564e-05</y>
        </point>
        <point>
          <x>0.007630172827805036</x>
          <y>0.0005345779110903433</y>
        </point>
        <point>
          <x>0.005467738497208334</x>
          <y>0.0009886011151854644</y>
        </point>
        <point>
          <x>0.003646425543853142</x>
          <y>0.0013067449316279433</y>
        </point>
        <point>
          <x>0.0021872075689165224</x>
          <y>0.001474521156468864</y>
        </point>
        <point>
          <x>0.0011189508152728142</x>
          <y>0.0014843822058352436</y>
        </point>
        <point>
          <x>0.00047724181582530054</x>
          <y>0.0012218982817026015</y>
        </point>
        <point>
          <x>0.0001394546489537025</x>
          <y>0.000626162788805914</y>
        </point>
        <point>
          <x>-2.284645129563061e-05</x>
          <y>-0.000201710327110925</y>
        </point>
        <point>
          <x>9.611772688372274e-06</x>
          <y>-0.001190764195055338</y>
        </point>
        <point>
          <x>0.00024355999373631014</x>
          <y>-0.0023016540867496073</y>
        </point>
        <point>
          <x>0.000687506132527657</x>
          <y>-0.003498741510563029</y>
        </point>
        <point>
          <x>0.0013469004128176898</x>
          <y>-0.004751711403226372</y>
        </point>
        <point>
          <x>0.0022459009281014727</x>
          <y>-0.0060363557801336514</y>
        </point>
        <point>
          <x>0.003395954815774033</x>
          <y>-0.007353146494502959</y>
        </point>
        <point>
          <x>0.0047804515662132835</x>
          <y>-0.008697425288065943</y>
        </point>
        <point>
          <x>0.0063919537605697406</x>
          <y>-0.010048563617469829</y>
        </point>
        <point>
          <x>0.00822367251971673</x>
          <y>-0.011389479119874441</y>
        </point>
        <point>
          <x>0.010267370144132688</x>
          <y>-0.012705186792557308</y>
        </point>
        <point>
          <x>0.012515289102699298</x>
          <y>-0.01397731550841778</y>
        </point>
        <point>
          <x>0.014958551471357332</x>
          <y>-0.01519539509723763</y>
        </point>
        <point>
          <x>0.017586013594610293</x>
          <y>-0.016340574263512958</y>
        </point>
        <point>
          <x>0.020384594512978377</x>
          <y>-0.017391424183218915</y>
        </point>
        <point>
          <x>0.023355558045166615</x>
          <y>-0.01832279316531333</y>
        </point>
        <point>
          <x>0.026499215988258683</x>
          <y>-0.019124362780527232</y>
        </point>
        <point>
          <x>0.029833931154170077</x>
          <y>-0.019780314484725472</y>
        </point>
        <point>
          <x>0.03337584219930478</x>
          <y>-0.020306753673571418</y>
        </point>
        <point>
          <x>0.03710080766053804</x>
          <y>-0.020744010357704748</y>
        </point>
        <point>
          <x>0.04098464449881933</x>
          <y>-0.021092109482680914</y>
        </point>
        <point>
          <x>0.04500834136251034</x>
          <y>-0.021363323412122485</y>
        </point>
        <point>
          <x>0.04914563448281315</x>
          <y>-0.021572350297223708</y>
        </point>
        <point>
          <x>0.053365745258425565</x>
          <y>-0.021733248064641175</y>
        </point>
        <point>
          <x>0.05763095446796951</x>
          <y>-0.021852181999334207</y>
        </point>
        <point>
          <x>0.061903863002335684</x>
          <y>-0.021933059970009997</y>
        </point>
        <point>
          <x>0.06615060961774229</x>
          <y>-0.021971080292636086</y>
        </point>
        <point>
          <x>0.07034281655490336</x>
          <y>-0.021963370271978144</y>
        </point>
        <point>
          <x>0.07445178594226413</x>
          <y>-0.02190931462905398</y>
        </point>
        <point>
          <x>0.07845365485304294</x>
          <y>-0.021806680893166928</y>
        </point>
        <point>
          <x>0.08232392013592038</x>
          <y>-0.021657751426124566</y>
        </point>
        <point>
          <x>0.08603952745997202</x>
          <y>-0.021462711229616772</y>
        </point>
        <point>
          <x>0.08957694232587016</x>
          <y>-0.02122513142971161</y>
        </point>
        <point>
          <x>0.09291520776280801</x>
          <y>-0.02094664584849384</y>
        </point>
        <point>
          <x>0.09603449550810485</x>
          <y>-0.020629048364182643</y>
        </point>
        <point>
          <x>0.0989159459510717</x>
          <y>-0.02027542161925769</y>
        </point>
        <point>
          <x>0.10154408560539764</x>
          <y>-0.019889328424601872</y>
        </point>
        <point>
          <x>0.10390360104090623</x>
          <y>-0.019473202882972038</y>
        </point>
        <point>
          <x>0.10598127618753872</x>
          <y>-0.019030927917519924</y>
        </point>
        <point>
          <x>0.1077684098077406</x>
          <y>-0.01856702667593493</y>
        </point>
        <point>
          <x>0.10924984852746984</x>
          <y>-0.018082804552847838</y>
        </point>
        <point>
          <x>0.11043459706617947</x>
          <y>-0.017555358958283442</y>
        </point>
        <point>
          <x>0.11137860234658414</x>
          <y>-0.016988017810323847</y>
        </point>
        <point>
          <x>0.11213370803819978</x>
          <y>-0.016469882529446655</y>
        </point>
      </coordinates>
    </element>
    <element>
      <coordinates>
        <point>
          <x>0.5360275293581416</x>
          <y>0.2191492890459398</y>
        </point>
        <point>
          <x>0.532602621919108</x>
          <y>0.21502365557024747</y>
        </point>
        <point>
          <x>0.5270858069223558</x>
          <y>0.2093098702992725</y>
        </point>
        <point>
          <x>0.5192352406432423</x>
          <y>0.20255213733052882</y>
        </point>
        <point>
          <x>0.5092323456140889</x>
          <y>0.19520068916680366</y>
        </point>
        <point>
          <x>0.4972816582331422</x>
          <y>0.18744182669454768</y>
        </point>
        <point>
          <x>0.48352642503360393</x>
          <y>0.1794298165288327</y>
        </point>
        <point>
          <x>0.4681340958882827</x>
          <y>0.17133259787233737</y>
        </point>
        <point>
          <x>0.4512744731038183</x>
          <y>0.16328492309669157</y>
        </point>
        <point>
          <x>0.4331462514226221</x>
          <y>0.15542233397530109</y>
        </point>
        <point>
          <x>0.41396062984354576</x>
          <y>0.14784601711935577</y>
        </point>
        <point>
          <x>0.39393779085688285</x>
          <y>0.14064583898626948</y>
        </point>
        <point>
          <x>0.37330416908114705</x>
          <y>0.13389448845234822</y>
        </point>
        <point>
          <x>0.35229128293190476</x>
          <y>0.12763732499018093</y>
        </point>
        <point>
          <x>0.33113533992088756</x>
          <y>0.12190682488652563</y>
        </point>
        <point>
          <x>0.3100627904381061</x>
          <y>0.11672218654142133</y>
        </point>
        <point>
          <x>0.28928955412157087</x>
          <y>0.11206473242769313</y>
        </point>
        <point>
          <x>0.26903584500456956</x>
          <y>0.10791734805022116</y>
        </point>
        <point>
          <x>0.24949221105433889</x>
          <y>0.10423753147161449</y>
        </point>
        <point>
          <x>0.23085232630222532</x>
          <y>0.10097419196392832</y>
        </point>
        <point>
          <x>0.21327434128619271</x>
          <y>0.09805358272016881</y>
        </point>
        <point>
          <x>0.1969179695762598</x>
          <y>0.09539766253806514</y>
        </point>
        <point>
          <x>0.1819132586763943</x>
          <y>0.09290300277307556</y>
        </point>
        <point>
          <x>0.1683274347364582</x>
          <y>0.09033145395202252</y>
        </point>
        <point>
          <x>0.15600356286414582</x>
          <y>0.08760644327570813</y>
        </point>
        <point>
          <x>0.14485608676881725</x>
          <y>0.08489622579021402</y>
        </point>
        <point>
          <x>0.13498103040712428</x>
          <y>0.08228438428174009</y>
        </point>
        <point>
          <x>0.12647560183838275</x>
          <y>0.0798111628828283</y>
        </point>
        <point>
          <x>0.11943310942751943</x>
          <y>0.0775007964760796</y>
        </point>
        <point>
          <x>0.11395507140062419</x>
          <y>0.07534160174982407</y>
        </point>
        <point>
          <x>0.1101578311310638</x>
          <y>0.07336133435166069</y>
        </point>
        <point>
          <x>0.10838312445152767</x>
          <y>0.07122236317275014</y>
        </point>
        <point>
          <x>0.10831209240933358</x>
          <y>0.06847792916081222</y>
        </point>
        <point>
          <x>0.10929969168217465</x>
          <y>0.06524341280097049</y>
        </point>
        <point>
          <x>0.11128024338074695</x>
          <y>0.06180615964739242</y>
        </point>
        <point>
          <x>0.11420333577840251</x>
          <y>0.0583180365668277</y>
        </point>
        <point>
          <x>0.11803183503521236</x>
          <y>0.05492115330430507</y>
        </point>
        <point>
          <x>0.12272783368096855</x>
          <y>0.0517330215643583</y>
        </point>
        <point>
          <x>0.12833111806133696</x>
          <y>0.04888484141062514</y>
        </point>
        <point>
          <x>0.13488306909703252</x>
          <y>0.046396537558932596</y>
        </point>
        <point>
          <x>0.14231614479479032</x>
          <y>0.044253253319009644</y>
        </point>
        <point>
          <x>0.15056512405218253</x>
          <y>0.04251392612207019</y>
        </point>
        <point>
          <x>0.1595737692582232</x>
          <y>0.0412261732455521</y>
        </point>
        <point>
          <x>0.1692846744707594</x>
          <y>0.040427460144284305</y>
        </point>
        <point>
          <x>0.1796357446514733</x>
          <y>0.04016813545892668</y>
        </point>
        <point>
          <x>0.19057582598643194</x>
          <y>0.040468487063200186</y>
        </point>
        <point>
          <x>0.20202994025148646</x>
          <y>0.04137417450159972</y>
        </point>
        <point>
          <x>0.213911394367824</x>
          <y>0.04293632004506416</y>
        </point>
        <point>
          <x>0.22617721283968062</x>
          <y>0.045246274325577304</y>
        </point>
        <point>
          <x>0.2388090339832843</x>
          <y>0.04834112386857711</y>
        </point>
        <point>
          <x>0.25184197081963305</x>
          <y>0.052311461447265395</y>
        </point>
        <point>
          <x>0.2653634900578186</x>
          <y>0.057130762831198265</y>
        </point>
        <point>
          <x>0.27936427659149915</x>
          <y>0.06261083248697003</y>
        </point>
        <point>
          <x>0.29375883721602275</x>
          <y>0.06870596355559476</y>
        </point>
        <point>
          <x>0.3085030754189496</x>
          <y>0.0753368834176466</y>
        </point>
        <point>
          <x>0.3235318174123427</x>
          <y>0.08240205807553871</y>
        </point>
        <point>
          <x>0.33876271182715745</x>
          <y>0.0897937014034643</y>
        </point>
        <point>
          <x>0.3540739683350799</x>
          <y>0.09741885242289344</y>
        </point>
        <point>
          <x>0.3693406705436864</x>
          <y>0.1051931389458503</y>
        </point>
        <point>
          <x>0.3844339865946672</x>
          <y>0.11306967001068494</y>
        </point>
        <point>
          <x>0.39924811963815254</x>
          <y>0.12100507542074539</y>
        </point>
        <point>
          <x>0.41368039888838254</x>
          <y>0.1289473961888257</y>
        </point>
        <point>
          <x>0.42764220507659545</x>
          <y>0.13685951424649395</y>
        </point>
        <point>
          <x>0.44105117106224945</x>
          <y>0.1446871339442102</y>
        </point>
        <point>
          <x>0.45382609803596957</x>
          <y>0.1523861114550435</y>
        </point>
        <point>
          <x>0.4658904762845461</x>
          <y>0.15989941976623193</y>
        </point>
        <point>
          <x>0.4771732588212132</x>
          <y>0.16718174671967762</y>
        </point>
        <point>
          <x>0.48760769305448187</x>
          <y>0.17418934318933754</y>
        </point>
        <point>
          <x>0.4971328838201953</x>
          <y>0.18087572868594684</y>
        </point>
        <point>
          <x>0.5057008191400277</x>
          <y>0.18719911181640553</y>
        </point>
        <point>
          <x>0.513261924003598</x>
          <y>0.19312199558289064</y>
        </point>
        <point>
          <x>0.5197767752231344</x>
          <y>0.1986057146564123</y>
        </point>
        <point>
          <x>0.525223127191973</x>
          <y>0.20361785583620057</y>
        </point>
        <point>
          <x>0.5295498418676776</x>
          <y>0.2081252165197094</y>
        </point>
        <point>
          <x>0.5327455675534786</x>
          <y>0.21222579416803072</y>
        </point>
        <point>
          <x>0.5350144774897283</x>
          <y>0.2160133549329673</y>
        </point>
        <point>
          <x>0.5367080330878432</x>
          <y>0.21927052654493276</y>
        </point>
      </coordinates>
    </element>
  </elements>
</airfoil>
