<airfoil>
  <elements>
    <element>
      <coordinates>
        <point>
          <x>0.1116574594844961</x>
          <y>-0.01842094736784499</y>
        </point>
        <point>
          <x>0.1104104534422869</x>
          <y>-0.01890473262753541</y>
        </point>
        <point>
          <x>0.10851481678647606</x>
          <y>-0.019480916516538226</y>
        </point>
        <point>
          <x>0.10598385251227686</x>
          <y>-0.020001541142470648</y>
        </point>
        <point>
          <x>0.1029117229514174</x>
          <y>-0.02039047804492845</y>
        </point>
        <point>
          <x>0.09936561095451721</x>
          <y>-0.02063193169977863</y>
        </point>
        <point>
          <x>0.09539545397989786</x>
          <y>-0.02070965398539502</y>
        </point>
        <point>
          <x>0.09105812369498094</x>
          <y>-0.020607352687542182</y>
        </point>
        <point>
          <x>0.08640697862479528</x>
          <y>-0.020316254676405587</y>
        </point>
        <point>
          <x>0.08150177072075802</x>
          <y>-0.01983091970365948</y>
        </point>
        <point>
          <x>0.07640080984705508</x>
          <y>-0.019154912785239495</y>
        </point>
        <point>
          <x>0.07116299074319331</x>
          <y>-0.01829535617208319</y>
        </point>
        <point>
          <x>0.065846487105064</x>
          <y>-0.01726387474725883</y>
        </point>
        <point>
          <x>0.0605072654051023</x>
          <y>-0.016078667081126808</y>
        </point>
        <point>
          <x>0.055200751333031685</x>
          <y>-0.014761308718145552</y>
        </point>
        <point>
          <x>0.04997863308266983</x>
          <y>-0.013335085736127137</y>
        </point>
        <point>
          <x>0.044885708731343656</x>
          <y>-0.011830262514592831</y>
        </point>
        <point>
          <x>0.039967902014412804</x>
          <y>-0.010277283693967819</y>
        </point>
        <point>
          <x>0.035261590620263815</x>
          <y>-0.00870852880154409</y>
        </point>
        <point>
          <x>0.03080279171547541</x>
          <y>-0.0071586286806789735</y>
        </point>
        <point>
          <x>0.026617031022524433</x>
          <y>-0.00566284314266004</y>
        </point>
        <point>
          <x>0.022729654002983844</x>
          <y>-0.004257557656807528</y>
        </point>
        <point>
          <x>0.01915646007145349</x>
          <y>-0.0029810925793084826</y>
        </point>
        <point>
          <x>0.015883212506991956</x>
          <y>-0.0018935124003117137</y>
        </point>
        <point>
          <x>0.012866415260742014</x>
          <y>-0.0009924698375996402</y>
        </point>
        <point>
          <x>0.010107830739600266</x>
          <y>-0.00023091160731309897</y>
        </point>
        <point>
          <x>0.007638528661455279</x>
          <y>0.00039773208737319763</y>
        </point>
        <point>
          <x>0.005484579421962458</x>
          <y>0.0008904409037021767</y>
        </point>
        <point>
          <x>0.0036692613180001657</x>
          <y>0.0012411780466265448</y>
        </point>
        <point>
          <x>0.0022132849011828686</x>
          <y>0.0014350817177415161</y>
        </point>
        <point>
          <x>0.0011453764976483934</x>
          <y>0.0014640881594476132</y>
        </point>
        <point>
          <x>0.0004990659329963901</x>
          <y>0.0012131481179651735</y>
        </point>
        <point>
          <x>0.00015065532052675003</x>
          <y>0.0006235626765586458</y>
        </point>
        <point>
          <x>-2.645815073120128e-05</x>
          <y>-0.00020126843433555355</y>
        </point>
        <point>
          <x>-1.173251866633438e-05</x>
          <y>-0.0011907451878574796</y>
        </point>
        <point>
          <x>0.00020226700639059867</x>
          <y>-0.00230564981376743</y>
        </point>
        <point>
          <x>0.0006246857474624877</x>
          <y>-0.0035105020377315314</y>
        </point>
        <point>
          <x>0.0012615164069873645</x>
          <y>-0.004775089353771476</y>
        </point>
        <point>
          <x>0.0021373470912470173</x>
          <y>-0.0060756406653733165</y>
        </point>
        <point>
          <x>0.003263614641472094</x>
          <y>-0.007412832923543398</y>
        </point>
        <point>
          <x>0.004623794708980281</x>
          <y>-0.008781710898657844</y>
        </point>
        <point>
          <x>0.0062108208068438475</x>
          <y>-0.010161516056026068</y>
        </point>
        <point>
          <x>0.008018211323456021</x>
          <y>-0.01153504709595941</y>
        </point>
        <point>
          <x>0.010037998467369566</x>
          <y>-0.012887173773930663</y>
        </point>
        <point>
          <x>0.012262755229848937</x>
          <y>-0.014199388871314588</y>
        </point>
        <point>
          <x>0.014683792775831286</x>
          <y>-0.015461064775714673</y>
        </point>
        <point>
          <x>0.017290307122483046</x>
          <y>-0.016653153485793975</y>
        </point>
        <point>
          <x>0.020069603492713115</x>
          <y>-0.017753995162342405</y>
        </point>
        <point>
          <x>0.023023396310341993</x>
          <y>-0.018738464806833315</y>
        </point>
        <point>
          <x>0.02615218226547212</x>
          <y>-0.019596251236068733</y>
        </point>
        <point>
          <x>0.02947460474502338</x>
          <y>-0.02031186757418051</y>
        </point>
        <point>
          <x>0.03300651114667172</x>
          <y>-0.020901705892023156</y>
        </point>
        <point>
          <x>0.03672304102754609</x>
          <y>-0.02140565702037588</y>
        </point>
        <point>
          <x>0.0406000147862486</x>
          <y>-0.021823312454354746</y>
        </point>
        <point>
          <x>0.04461820416053843</x>
          <y>-0.022166601834826</y>
        </point>
        <point>
          <x>0.048751086157266976</x>
          <y>-0.02244975021133049</y>
        </point>
        <point>
          <x>0.052967635151154935</x>
          <y>-0.022686261589793442</y>
        </point>
        <point>
          <x>0.057230027476117704</x>
          <y>-0.022881624201616747</y>
        </point>
        <point>
          <x>0.061500799987878496</x>
          <y>-0.023039074962136922</y>
        </point>
        <point>
          <x>0.06574618294545709</x>
          <y>-0.023153206044236912</y>
        </point>
        <point>
          <x>0.06993785463713269</x>
          <y>-0.02322063658335183</y>
        </point>
        <point>
          <x>0.07404713282937675</x>
          <y>-0.02324023703098216</y>
        </point>
        <point>
          <x>0.07805019844259922</x>
          <y>-0.023209347566178623</y>
        </point>
        <point>
          <x>0.08192251135359441</x>
          <y>-0.023129811000122645</y>
        </point>
        <point>
          <x>0.08564101761899712</x>
          <y>-0.023001399088834217</y>
        </point>
        <point>
          <x>0.08918212251273047</x>
          <y>-0.022827260562431333</y>
        </point>
        <point>
          <x>0.09252484314659071</x>
          <y>-0.022608653356774457</y>
        </point>
        <point>
          <x>0.09564932229040672</x>
          <y>-0.022347015668627953</y>
        </point>
        <point>
          <x>0.09853664811113626</x>
          <y>-0.022045091613692756</y>
        </point>
        <point>
          <x>0.10117128574983503</x>
          <y>-0.021706166090381517</y>
        </point>
        <point>
          <x>0.10353788060846267</x>
          <y>-0.0213323983390742</y>
        </point>
        <point>
          <x>0.10562314914414019</x>
          <y>-0.02092743377999125</y>
        </point>
        <point>
          <x>0.10741831044611941</x>
          <y>-0.020495638876968737</y>
        </point>
        <point>
          <x>0.10890819017726389</x>
          <y>-0.020038047212353947</y>
        </point>
        <point>
          <x>0.11010220210671885</x>
          <y>-0.01953192127198023</y>
        </point>
        <point>
          <x>0.11105622452170102</x>
          <y>-0.018981591208008096</y>
        </point>
        <point>
          <x>0.11182049574786311</x>
          <y>-0.018477073351375935</y>
        </point>
      </coordinates>
    </element>
    <element>
      <coordinates>
        <point>
          <x>0.5500275293581416</x>
          <y>0.2211492890459398</y>
        </point>
        <point>
          <x>0.546602621919108</x>
          <y>0.21702365557024747</y>
        </point>
        <point>
          <x>0.5410858069223559</x>
          <y>0.2113098702992725</y>
        </point>
        <point>
          <x>0.5332352406432423</x>
          <y>0.20455213733052882</y>
        </point>
        <point>
          <x>0.5232323456140889</x>
          <y>0.19720068916680367</y>
        </point>
        <point>
          <x>0.5112816582331422</x>
          <y>0.18944182669454768</y>
        </point>
        <point>
          <x>0.49752642503360395</x>
          <y>0.1814298165288327</y>
        </point>
        <point>
          <x>0.4821340958882827</x>
          <y>0.17333259787233737</y>
        </point>
        <point>
          <x>0.4652744731038183</x>
          <y>0.16528492309669157</y>
        </point>
        <point>
          <x>0.4471462514226221</x>
          <y>0.1574223339753011</y>
        </point>
        <point>
          <x>0.42796062984354577</x>
          <y>0.14984601711935577</y>
        </point>
        <point>
          <x>0.40793779085688286</x>
          <y>0.14264583898626948</y>
        </point>
        <point>
          <x>0.38730416908114706</x>
          <y>0.13589448845234822</y>
        </point>
        <point>
          <x>0.3662912829319047</x>
          <y>0.12963732499018094</y>
        </point>
        <point>
          <x>0.3451353399208876</x>
          <y>0.12390682488652563</y>
        </point>
        <point>
          <x>0.32406279043810604</x>
          <y>0.11872218654142133</y>
        </point>
        <point>
          <x>0.3032895541215709</x>
          <y>0.11406473242769313</y>
        </point>
        <point>
          <x>0.2830358450045696</x>
          <y>0.10991734805022116</y>
        </point>
        <point>
          <x>0.26349221105433884</x>
          <y>0.1062375314716145</y>
        </point>
        <point>
          <x>0.2448523263022253</x>
          <y>0.10297419196392832</y>
        </point>
        <point>
          <x>0.22727434128619273</x>
          <y>0.10005358272016882</y>
        </point>
        <point>
          <x>0.2109179695762598</x>
          <y>0.09739766253806514</y>
        </point>
        <point>
          <x>0.1959132586763943</x>
          <y>0.09490300277307556</y>
        </point>
        <point>
          <x>0.1823274347364582</x>
          <y>0.09233145395202252</y>
        </point>
        <point>
          <x>0.1700035628641458</x>
          <y>0.08960644327570813</y>
        </point>
        <point>
          <x>0.15885608676881724</x>
          <y>0.08689622579021403</y>
        </point>
        <point>
          <x>0.14898103040712427</x>
          <y>0.0842843842817401</y>
        </point>
        <point>
          <x>0.14047560183838273</x>
          <y>0.0818111628828283</y>
        </point>
        <point>
          <x>0.13343310942751943</x>
          <y>0.0795007964760796</y>
        </point>
        <point>
          <x>0.1279550714006242</x>
          <y>0.07734160174982407</y>
        </point>
        <point>
          <x>0.1241578311310638</x>
          <y>0.07536133435166069</y>
        </point>
        <point>
          <x>0.12238312445152767</x>
          <y>0.07322236317275015</y>
        </point>
        <point>
          <x>0.12231209240933358</x>
          <y>0.07047792916081222</y>
        </point>
        <point>
          <x>0.12329969168217465</x>
          <y>0.06724341280097049</y>
        </point>
        <point>
          <x>0.12528024338074695</x>
          <y>0.06380615964739242</y>
        </point>
        <point>
          <x>0.1282033357784025</x>
          <y>0.0603180365668277</y>
        </point>
        <point>
          <x>0.13203183503521237</x>
          <y>0.05692115330430507</y>
        </point>
        <point>
          <x>0.13672783368096855</x>
          <y>0.0537330215643583</y>
        </point>
        <point>
          <x>0.14233111806133697</x>
          <y>0.050884841410625145</y>
        </point>
        <point>
          <x>0.14888306909703253</x>
          <y>0.0483965375589326</y>
        </point>
        <point>
          <x>0.15631614479479033</x>
          <y>0.046253253319009646</y>
        </point>
        <point>
          <x>0.16456512405218254</x>
          <y>0.04451392612207019</y>
        </point>
        <point>
          <x>0.17357376925822318</x>
          <y>0.0432261732455521</y>
        </point>
        <point>
          <x>0.1832846744707594</x>
          <y>0.04242746014428431</y>
        </point>
        <point>
          <x>0.19363574465147332</x>
          <y>0.042168135458926684</y>
        </point>
        <point>
          <x>0.20457582598643193</x>
          <y>0.04246848706320019</y>
        </point>
        <point>
          <x>0.21602994025148647</x>
          <y>0.04337417450159972</y>
        </point>
        <point>
          <x>0.22791139436782398</x>
          <y>0.04493632004506416</y>
        </point>
        <point>
          <x>0.24017721283968063</x>
          <y>0.047246274325577306</y>
        </point>
        <point>
          <x>0.2528090339832843</x>
          <y>0.050341123868577115</y>
        </point>
        <point>
          <x>0.265841970819633</x>
          <y>0.0543114614472654</y>
        </point>
        <point>
          <x>0.27936349005781863</x>
          <y>0.059130762831198266</y>
        </point>
        <point>
          <x>0.29336427659149916</x>
          <y>0.06461083248697003</y>
        </point>
        <point>
          <x>0.3077588372160227</x>
          <y>0.07070596355559476</y>
        </point>
        <point>
          <x>0.3225030754189496</x>
          <y>0.0773368834176466</y>
        </point>
        <point>
          <x>0.3375318174123427</x>
          <y>0.08440205807553872</y>
        </point>
        <point>
          <x>0.35276271182715746</x>
          <y>0.0917937014034643</y>
        </point>
        <point>
          <x>0.36807396833507994</x>
          <y>0.09941885242289344</y>
        </point>
        <point>
          <x>0.3833406705436864</x>
          <y>0.10719313894585031</y>
        </point>
        <point>
          <x>0.3984339865946672</x>
          <y>0.11506967001068494</y>
        </point>
        <point>
          <x>0.41324811963815256</x>
          <y>0.12300507542074539</y>
        </point>
        <point>
          <x>0.42768039888838255</x>
          <y>0.1309473961888257</y>
        </point>
        <point>
          <x>0.44164220507659546</x>
          <y>0.13885951424649395</y>
        </point>
        <point>
          <x>0.45505117106224946</x>
          <y>0.1466871339442102</y>
        </point>
        <point>
          <x>0.4678260980359696</x>
          <y>0.1543861114550435</y>
        </point>
        <point>
          <x>0.4798904762845461</x>
          <y>0.16189941976623193</y>
        </point>
        <point>
          <x>0.4911732588212132</x>
          <y>0.16918174671967762</y>
        </point>
        <point>
          <x>0.5016076930544819</x>
          <y>0.17618934318933754</y>
        </point>
        <point>
          <x>0.5111328838201954</x>
          <y>0.18287572868594684</y>
        </point>
        <point>
          <x>0.5197008191400277</x>
          <y>0.18919911181640553</y>
        </point>
        <point>
          <x>0.5272619240035981</x>
          <y>0.19512199558289064</y>
        </point>
        <point>
          <x>0.5337767752231344</x>
          <y>0.2006057146564123</y>
        </point>
        <point>
          <x>0.539223127191973</x>
          <y>0.20561785583620057</y>
        </point>
        <point>
          <x>0.5435498418676776</x>
          <y>0.2101252165197094</y>
        </point>
        <point>
          <x>0.5467455675534786</x>
          <y>0.21422579416803073</y>
        </point>
        <point>
          <x>0.5490144774897283</x>
          <y>0.2180133549329673</y>
        </point>
        <point>
          <x>0.5507080330878432</x>
          <y>0.22127052654493276</y>
        </point>
      </coordinates>
    </element>
  </elements>
</airfoil>
