<airfoil>
  <elements>
    <element>
      <coordinates>
        <point>
          <x>0.11022256347268726</x>
          <y>-0.02564578058804664</y>
        </point>
        <point>
          <x>0.10894672641620791</x>
          <y>-0.02604741730463781</y>
        </point>
        <point>
          <x>0.10701762177028022</x>
          <y>-0.026499060382587935</y>
        </point>
        <point>
          <x>0.10445814972238254</x>
          <y>-0.026853930773618803</y>
        </point>
        <point>
          <x>0.10136722566174618</x>
          <y>-0.027042186993115527</y>
        </point>
        <point>
          <x>0.09781291769982099</x>
          <y>-0.02705243754408914</y>
        </point>
        <point>
          <x>0.09384611453044622</x>
          <y>-0.02687171739513444</y>
        </point>
        <point>
          <x>0.08952462723620964</x>
          <y>-0.026487468619271794</y>
        </point>
        <point>
          <x>0.08490227204663836</x>
          <y>-0.025894407899409642</y>
        </point>
        <point>
          <x>0.08003902825444298</x>
          <y>-0.02509099366299546</y>
        </point>
        <point>
          <x>0.07499285028416064</x>
          <y>-0.024084576711112613</y>
        </point>
        <point>
          <x>0.06982204478146793</x>
          <y>-0.0228860955934796</y>
        </point>
        <point>
          <x>0.06458390595795474</x>
          <y>-0.02151093504663288</y>
        </point>
        <point>
          <x>0.059333097827376335</x>
          <y>-0.019980895978814115</y>
        </point>
        <point>
          <x>0.05412352507792296</x>
          <y>-0.018321113938378434</y>
        </point>
        <point>
          <x>0.049005251540628035</x>
          <y>-0.016558188241524895</y>
        </point>
        <point>
          <x>0.04402101155335079</x>
          <y>-0.01472523348877553</y>
        </point>
        <point>
          <x>0.03921465100065492</x>
          <y>-0.012855617389174057</y>
        </point>
        <point>
          <x>0.03462036406790319</x>
          <y>-0.010984017423704202</y>
        </point>
        <point>
          <x>0.03027183872341503</x>
          <y>-0.009147334166758649</y>
        </point>
        <point>
          <x>0.026192252798126113</x>
          <y>-0.007382413309443914</y>
        </point>
        <point>
          <x>0.02240453101445044</x>
          <y>-0.005727212089571006</y>
        </point>
        <point>
          <x>0.018921946395601078</x>
          <y>-0.004220997516890925</y>
        </point>
        <point>
          <x>0.015726384894589246</x>
          <y>-0.002922780679359141</y>
        </point>
        <point>
          <x>0.01277459530255779</x>
          <y>-0.0018273896399696732</y>
        </point>
        <point>
          <x>0.010071397335373239</x>
          <y>-0.0008879854412302163</y>
        </point>
        <point>
          <x>0.007648222292569038</x>
          <y>-0.00010003343765965698</y>
        </point>
        <point>
          <x>0.005530888856870027</x>
          <y>0.0005317564214478005</y>
        </point>
        <point>
          <x>0.003742233292027029</x>
          <y>0.0009998457637278584</y>
        </point>
        <point>
          <x>0.0023019554469129273</x>
          <y>0.0012880569517020224</y>
        </point>
        <point>
          <x>0.0012381962102792886</x>
          <y>0.0013864745236930997</y>
        </point>
        <point>
          <x>0.0005769298742681388</x>
          <y>0.0011781116592992997</y>
        </point>
        <point>
          <x>0.00019090193566105606</x>
          <y>0.0006124409262621678</y>
        </point>
        <point>
          <x>-3.949558333700383e-05</x>
          <y>-0.00019912085600677236</y>
        </point>
        <point>
          <x>-8.917136370249929e-05</x>
          <y>-0.0011874595665939268</y>
        </point>
        <point>
          <x>5.184493952793159e-05</x>
          <y>-0.0023139241793639965</y>
        </point>
        <point>
          <x>0.0003949874391615738</x>
          <y>-0.0035437045253385027</y>
        </point>
        <point>
          <x>0.0009482016119883328</x>
          <y>-0.004847041952018027</y>
        </point>
        <point>
          <x>0.001737569903209313</x>
          <y>-0.0062018152918852055</y>
        </point>
        <point>
          <x>0.00277446088839105</x>
          <y>-0.007609444083452373</y>
        </point>
        <point>
          <x>0.004042707584009628</x>
          <y>-0.009063908605485331</y>
        </point>
        <point>
          <x>0.005536608914593281</x>
          <y>-0.010544034587312687</y>
        </point>
        <point>
          <x>0.007250816025809675</x>
          <y>-0.012032235506898192</y>
        </point>
        <point>
          <x>0.00917836229957863</x>
          <y>-0.013512894827092885</y>
        </point>
        <point>
          <x>0.011313040443385014</x>
          <y>-0.01496706137063435</y>
        </point>
        <point>
          <x>0.013646871405061923</x>
          <y>-0.01638356478719156</y>
        </point>
        <point>
          <x>0.016170313251980754</x>
          <y>-0.01774269457393706</y>
        </point>
        <point>
          <x>0.018872107175147323</x>
          <y>-0.019022010917591047</y>
        </point>
        <point>
          <x>0.021755598468629664</x>
          <y>-0.02019655357361148</y>
        </point>
        <point>
          <x>0.02482195356241843</x>
          <y>-0.021256065513136312</y>
        </point>
        <point>
          <x>0.02809078384672334</x>
          <y>-0.022186305508197335</y>
        </point>
        <point>
          <x>0.031576836766555955</x>
          <y>-0.023004661855595278</y>
        </point>
        <point>
          <x>0.03525270945082059</x>
          <y>-0.023749323593753674</y>
        </point>
        <point>
          <x>0.03909430009315801</x>
          <y>-0.02441831008383064</y>
        </point>
        <point>
          <x>0.04308164508221909</x>
          <y>-0.02502227480515926</y>
        </point>
        <point>
          <x>0.04718735220086271</x>
          <y>-0.025573687226055963</y>
        </point>
        <point>
          <x>0.05137958304512981</x>
          <y>-0.026084004380750467</y>
        </point>
        <point>
          <x>0.05562023703526007</x>
          <y>-0.026556242263593783</y>
        </point>
        <point>
          <x>0.05987171980853649</x>
          <y>-0.02699119377552797</y>
        </point>
        <point>
          <x>0.06410068496382451</x>
          <y>-0.02738126566090256</y>
        </point>
        <point>
          <x>0.06827909072499033</x>
          <y>-0.027721241753379977</y>
        </point>
        <point>
          <x>0.07237838909885679</x>
          <y>-0.028008128980031632</y>
        </point>
        <point>
          <x>0.076374984496108</x>
          <y>-0.028237723608606685</y>
        </point>
        <point>
          <x>0.08024426889334135</x>
          <y>-0.028410268093672225</y>
        </point>
        <point>
          <x>0.08396325203090209</x>
          <y>-0.028524034904908072</y>
        </point>
        <point>
          <x>0.08750818432357046</x>
          <y>-0.028580631152107495</y>
        </point>
        <point>
          <x>0.09085804549657897</x>
          <y>-0.02857994706869815</y>
        </point>
        <point>
          <x>0.09399292682186462</x>
          <y>-0.02852212599662937</y>
        </point>
        <point>
          <x>0.09689377800954728</x>
          <y>-0.02840867593307669</y>
        </point>
        <point>
          <x>0.09954488340986022</x>
          <y>-0.028241864200780654</y>
        </point>
        <point>
          <x>0.1019307804815584</x>
          <y>-0.028022846575777333</y>
        </point>
        <point>
          <x>0.10403797666828403</x>
          <y>-0.027754396597850648</y>
        </point>
        <point>
          <x>0.10585742560049739</x>
          <y>-0.027440300240871258</y>
        </point>
        <point>
          <x>0.10737391784547506</x>
          <y>-0.027080601734170744</y>
        </point>
        <point>
          <x>0.1085983264156948</x>
          <y>-0.02665322413956333</y>
        </point>
        <point>
          <x>0.10958612953376315</x>
          <y>-0.026166123587793497</y>
        </point>
        <point>
          <x>0.1103816031100918</x>
          <y>-0.025712393972093902</y>
        </point>
      </coordinates>
    </element>
    <element>
      <coordinates>
        <point>
          <x>0.5322693169113685</x>
          <y>0.23135644130447514</y>
        </point>
        <point>
          <x>0.5284806127814994</x>
          <y>0.2275621609302786</y>
        </point>
        <point>
          <x>0.5224632157575042</x>
          <y>0.22237819305935053</y>
        </point>
        <point>
          <x>0.5140261906707294</x>
          <y>0.21636862123893494</y>
        </point>
        <point>
          <x>0.5033914713256536</x>
          <y>0.20996515003031146</y>
        </point>
        <point>
          <x>0.49077981201760346</x>
          <y>0.20333454483635133</y>
        </point>
        <point>
          <x>0.47634799851679543</x>
          <y>0.1966172904607082</y>
        </point>
        <point>
          <x>0.46027817145157945</x>
          <y>0.18996526786731224</y>
        </point>
        <point>
          <x>0.44275177156129253</x>
          <y>0.18349709528034835</y>
        </point>
        <point>
          <x>0.4239790827220694</x>
          <y>0.17732952827543413</y>
        </point>
        <point>
          <x>0.404179690886483</x>
          <y>0.17154396560460333</y>
        </point>
        <point>
          <x>0.3835810898887183</x>
          <y>0.16620970997060056</y>
        </point>
        <point>
          <x>0.3624154246011799</x>
          <y>0.1613783856643786</y>
        </point>
        <point>
          <x>0.3409173968506527</x>
          <y>0.1570739365996475</y>
        </point>
        <point>
          <x>0.3193251967425862</x>
          <y>0.15330704788127342</y>
        </point>
        <point>
          <x>0.29786608109269547</x>
          <y>0.15007607712956222</y>
        </point>
        <point>
          <x>0.27675334801883905</x>
          <y>0.14734263094641004</y>
        </point>
        <point>
          <x>0.2562047152418236</x>
          <y>0.1450694786932677</y>
        </point>
        <point>
          <x>0.23640603193753626</x>
          <y>0.14319682884630397</y>
        </point>
        <point>
          <x>0.2175454728009737</x>
          <y>0.14165605067579157</y>
        </point>
        <point>
          <x>0.19977376161971047</x>
          <y>0.14035920941011423</y>
        </point>
        <point>
          <x>0.1832427849408758</x>
          <y>0.1392139506747078</y>
        </point>
        <point>
          <x>0.16807256076667954</x>
          <y>0.1381053592097258</y>
        </point>
        <point>
          <x>0.15430819970128798</x>
          <y>0.13679012541775842</y>
        </point>
        <point>
          <x>0.14178640787089716</x>
          <y>0.135206386023932</y>
        </point>
        <point>
          <x>0.13043741411902113</x>
          <y>0.1335295309513397</y>
        </point>
        <point>
          <x>0.12036450052675943</x>
          <y>0.1318339879778856</y>
        </point>
        <point>
          <x>0.11166815520236076</x>
          <y>0.13015092017627763</y>
        </point>
        <point>
          <x>0.10444351532684219</x>
          <y>0.1284959062912703</y>
        </point>
        <point>
          <x>0.09879060055471106</x>
          <y>0.12684800548447953</y>
        </point>
        <point>
          <x>0.09482780884127913</x>
          <y>0.12522419069548568</y>
        </point>
        <point>
          <x>0.09286448447690963</x>
          <y>0.12325692382419619</y>
        </point>
        <point>
          <x>0.0925421544194781</x>
          <y>0.12053055867422523</y>
        </point>
        <point>
          <x>0.09322906921549112</x>
          <y>0.11721912447303409</y>
        </point>
        <point>
          <x>0.09488616907702646</x>
          <y>0.11361477788573153</y>
        </point>
        <point>
          <x>0.09747717702261469</x>
          <y>0.10987336777505151</y>
        </point>
        <point>
          <x>0.1009781435553467</x>
          <y>0.10613980971399363</y>
        </point>
        <point>
          <x>0.10536209377019139</x>
          <y>0.10253459574170802</y>
        </point>
        <point>
          <x>0.11068067429089751</x>
          <y>0.09918472600093221</y>
        </point>
        <point>
          <x>0.11697691838739006</x>
          <y>0.09610624769016202</y>
        </point>
        <point>
          <x>0.12418220649633985</x>
          <y>0.09329055862197161</y>
        </point>
        <point>
          <x>0.13223699527878377</x>
          <y>0.0908023272104836</y>
        </point>
        <point>
          <x>0.14108964927737105</x>
          <y>0.08869412582053138</y>
        </point>
        <point>
          <x>0.15068643895091252</x>
          <y>0.08700852485149761</y>
        </point>
        <point>
          <x>0.16097014647955468</x>
          <y>0.08580135351160892</y>
        </point>
        <point>
          <x>0.17189169336032745</x>
          <y>0.08509750378845607</y>
        </point>
        <point>
          <x>0.18338060296453346</x>
          <y>0.08494931661160132</y>
        </point>
        <point>
          <x>0.1953552339384696</x>
          <y>0.08541564659739334</y>
        </point>
        <point>
          <x>0.20778116636603478</x>
          <y>0.08659139949157801</y>
        </point>
        <point>
          <x>0.220643515808288</x>
          <y>0.08851518896113236</y>
        </point>
        <point>
          <x>0.23398555255362438</x>
          <y>0.09127400728699098</y>
        </point>
        <point>
          <x>0.24789194336386897</x>
          <y>0.09483342338665464</y>
        </point>
        <point>
          <x>0.2623361594549359</x>
          <y>0.09900688819522373</y>
        </point>
        <point>
          <x>0.2772288774435819</x>
          <y>0.10375672495320387</y>
        </point>
        <point>
          <x>0.29251891915979955</x>
          <y>0.10900803742894968</y>
        </point>
        <point>
          <x>0.3081320770945579</x>
          <y>0.11466569402464306</y>
        </point>
        <point>
          <x>0.323976465327034</x>
          <y>0.12062991210424687</y>
        </point>
        <point>
          <x>0.33992228415844045</x>
          <y>0.12681928733252826</y>
        </point>
        <point>
          <x>0.3558374083708803</x>
          <y>0.13316125458015043</y>
        </point>
        <point>
          <x>0.37158924987591413</x>
          <y>0.1396209310604699</y>
        </point>
        <point>
          <x>0.3870684813593974</x>
          <y>0.14616482818166915</y>
        </point>
        <point>
          <x>0.40216810102629497</x>
          <y>0.15275061814603463</y>
        </point>
        <point>
          <x>0.4167964599742544</x>
          <y>0.15934946339996803</y>
        </point>
        <point>
          <x>0.4308665603391417</x>
          <y>0.16591484797807898</y>
        </point>
        <point>
          <x>0.4442934983406619</x>
          <y>0.1724102578804279</y>
        </point>
        <point>
          <x>0.45699585847718405</x>
          <y>0.1787859202982313</y>
        </point>
        <point>
          <x>0.4688987389338639</x>
          <y>0.18500322714771122</y>
        </point>
        <point>
          <x>0.47993165749880484</x>
          <y>0.1910247331046444</y>
        </point>
        <point>
          <x>0.4900297143226132</x>
          <y>0.1968097360014145</y>
        </point>
        <point>
          <x>0.49914126836473915</x>
          <y>0.20232102194906942</y>
        </point>
        <point>
          <x>0.5072135158250781</x>
          <y>0.2075257966616051</y>
        </point>
        <point>
          <x>0.5142036548689763</x>
          <y>0.21238917176917904</y>
        </point>
        <point>
          <x>0.5200865620735718</x>
          <y>0.21688090994016793</y>
        </point>
        <point>
          <x>0.5248082708792052</x>
          <y>0.2209726364915156</y>
        </point>
        <point>
          <x>0.5283664613499661</x>
          <y>0.22476297688290353</y>
        </point>
        <point>
          <x>0.530973042992086</x>
          <y>0.22832658474430795</y>
        </point>
        <point>
          <x>0.5329580694990413</x>
          <y>0.2314147828014903</y>
        </point>
      </coordinates>
    </element>
  </elements>
</airfoil>
