<airfoil>
  <elements>
    <element>
      <coordinates>
        <point>
          <x>0.11116149835478238</x>
          <y>-0.021209451760489093</y>
        </point>
        <point>
          <x>0.1099027759318284</x>
          <y>-0.021661878670335144</y>
        </point>
        <point>
          <x>0.10799331372292484</x>
          <y>-0.02219044302551735</y>
        </point>
        <point>
          <x>0.10545011326370772</x>
          <y>-0.022647566184674502</y>
        </point>
        <point>
          <x>0.10236921254154419</x>
          <y>-0.02295949998049064</y>
        </point>
        <point>
          <x>0.09881816865586672</x>
          <y>-0.023112135114036533</y>
        </point>
        <point>
          <x>0.09484731004123796</x>
          <y>-0.023090478257647217</y>
        </point>
        <point>
          <x>0.09051389827306879</x>
          <y>-0.022879665536273783</y>
        </point>
        <point>
          <x>0.08587149471647927</x>
          <y>-0.022472261886603024</y>
        </point>
        <point>
          <x>0.08097996875393407</x>
          <y>-0.021864324081111264</y>
        </point>
        <point>
          <x>0.07589752277188817</x>
          <y>-0.02106087524740407</y>
        </point>
        <point>
          <x>0.07068285482768412</x>
          <y>-0.020070509270761688</y>
        </point>
        <point>
          <x>0.0653938294806597</x>
          <y>-0.018906303214028995</y>
        </point>
        <point>
          <x>0.06008594024875424</x>
          <y>-0.017587850531896605</y>
        </point>
        <point>
          <x>0.05481405552640351</x>
          <y>-0.016138107062228593</y>
        </point>
        <point>
          <x>0.04962926457586741</x>
          <y>-0.01458164510816775</y>
        </point>
        <point>
          <x>0.044575594065941596</x>
          <y>-0.01294984066108894</y>
        </point>
        <point>
          <x>0.03969819145981291</x>
          <y>-0.01127427808686823</y>
        </point>
        <point>
          <x>0.035032612742035334</x>
          <y>-0.009588237138545544</y>
        </point>
        <point>
          <x>0.030613997148160405</x>
          <y>-0.007927239157943104</y>
        </point>
        <point>
          <x>0.026466980015216895</x>
          <y>-0.006327171705154626</y>
        </point>
        <point>
          <x>0.022615988305732346</x>
          <y>-0.004825043134664983</y>
        </point>
        <point>
          <x>0.019075857503601433</x>
          <y>-0.003459557188122893</y>
        </point>
        <point>
          <x>0.01583085220819457</x>
          <y>-0.0022904032646460033</y>
        </point>
        <point>
          <x>0.012837548734642984</x>
          <y>-0.001314146310753227</y>
        </point>
        <point>
          <x>0.010098886465540217</x>
          <y>-0.0004837918839011204</y>
        </point>
        <point>
          <x>0.00764608980006838</x>
          <y>0.00020645022279060243</y>
        </point>
        <point>
          <x>0.005505145383725275</x>
          <y>0.0007529081901854276</y>
        </point>
        <point>
          <x>0.0036991731497227893</x>
          <y>0.0011489645649757762</y>
        </point>
        <point>
          <x>0.0022485052408720277</x>
          <y>0.00137924391322602</y>
        </point>
        <point>
          <x>0.001181657187839454</x>
          <y>0.0014349661147314082</y>
        </point>
        <point>
          <x>0.0005292691606128286</x>
          <y>0.0012002788497779138</y>
        </point>
        <point>
          <x>0.0001662130483858259</x>
          <y>0.0006195971753859851</y>
        </point>
        <point>
          <x>-3.1486689258365345e-05</x>
          <y>-0.00020054327413191183</y>
        </point>
        <point>
          <x>-4.152772911349398e-05</x>
          <y>-0.0011900786537513714</y>
        </point>
        <point>
          <x>0.00014450383075370477</x>
          <y>-0.002309989534283111</y>
        </point>
        <point>
          <x>0.0005366383575551993</x>
          <y>-0.003525035618713726</y>
        </point>
        <point>
          <x>0.00114162275721463</x>
          <y>-0.004805163832983186</y>
        </point>
        <point>
          <x>0.001984632316801692</x>
          <y>-0.006127225852725387</y>
        </point>
        <point>
          <x>0.003077083354729156</x>
          <y>-0.007492184628561202</y>
        </point>
        <point>
          <x>0.004402580704132075</x>
          <y>-0.008894672954190273</y>
        </point>
        <point>
          <x>0.005954579582010496</x>
          <y>-0.010313761954452105</y>
        </point>
        <point>
          <x>0.007727030876252001</x>
          <y>-0.011732093511860883</y>
        </point>
        <point>
          <x>0.009712347931350623</x>
          <y>-0.013134342723211895</y>
        </point>
        <point>
          <x>0.011903569215303994</x>
          <y>-0.014501822302126965</y>
        </point>
        <point>
          <x>0.014292274574601332</x>
          <y>-0.01582369052296601</y>
        </point>
        <point>
          <x>0.016868140094066796</x>
          <y>-0.017080634975847244</y>
        </point>
        <point>
          <x>0.01961901701874465</x>
          <y>-0.018250684913104154</y>
        </point>
        <point>
          <x>0.02254724799887905</x>
          <y>-0.019308766109128895</y>
        </point>
        <point>
          <x>0.025653587610589657</x>
          <y>-0.020244583039899844</y>
        </point>
        <point>
          <x>0.028957060967371936</x>
          <y>-0.021043120238175346</y>
        </point>
        <point>
          <x>0.03247310028546994</x>
          <y>-0.021721161228668524</y>
        </point>
        <point>
          <x>0.03617585462357943</x>
          <y>-0.022317962206224087</y>
        </point>
        <point>
          <x>0.04004116217598253</x>
          <y>-0.022832509689490237</y>
        </point>
        <point>
          <x>0.04404950215829625</x>
          <y>-0.023276248388033972</y>
        </point>
        <point>
          <x>0.048174003896287045</x>
          <y>-0.02366273514758853</y>
        </point>
        <point>
          <x>0.052383313538156735</x>
          <y>-0.024004693315882338</y>
        </point>
        <point>
          <x>0.056639481918376276</x>
          <y>-0.02430666285278847</y>
        </point>
        <point>
          <x>0.060904976620419035</x>
          <y>-0.024570942129397682</y>
        </point>
        <point>
          <x>0.06514617381255032</x>
          <y>-0.02479127991067388</y>
        </point>
        <point>
          <x>0.06933484526049</x>
          <y>-0.024963587628478136</y>
        </point>
        <point>
          <x>0.07344234598095555</x>
          <y>-0.025086018303453857</y>
        </point>
        <point>
          <x>0.07744493091723147</x>
          <y>-0.025155316865466928</y>
        </point>
        <point>
          <x>0.08131802151459745</x>
          <y>-0.02517271142194786</y>
        </point>
        <point>
          <x>0.08503857676172677</x>
          <y>-0.025137396866046074</y>
        </point>
        <point>
          <x>0.08858293052378906</x>
          <y>-0.025051930474084445</y>
        </point>
        <point>
          <x>0.09193007500373869</x>
          <y>-0.024917044682605943</y>
        </point>
        <point>
          <x>0.09506012319892115</x>
          <y>-0.02473368030265474</y>
        </point>
        <point>
          <x>0.09795410052657197</x>
          <y>-0.02450410731416737</y>
        </point>
        <point>
          <x>0.10059639478710009</x>
          <y>-0.024231220820583987</y>
        </point>
        <point>
          <x>0.10297160215541563</x>
          <y>-0.023916795130953572</y>
        </point>
        <point>
          <x>0.10506635202070985</x>
          <y>-0.023564142097718663</y>
        </point>
        <point>
          <x>0.10687175694973867</x>
          <y>-0.023177407071326636</y>
        </point>
        <point>
          <x>0.10837262149191344</x>
          <y>-0.02275724356643532</y>
        </point>
        <point>
          <x>0.10957892548371519</x>
          <y>-0.02228115677333643</y>
        </point>
        <point>
          <x>0.11054642134831538</x>
          <y>-0.021754873865024296</y>
        </point>
        <point>
          <x>0.11132307898203345</x>
          <y>-0.021269640215338424</y>
        </point>
      </coordinates>
    </element>
    <element>
      <coordinates>
        <point>
          <x>0.5601157763254025</x>
          <y>0.18873606966340029</y>
        </point>
        <point>
          <x>0.5563651397431214</x>
          <y>0.1849041552894412</y>
        </point>
        <point>
          <x>0.5503997947417385</x>
          <y>0.17966037336742366</y>
        </point>
        <point>
          <x>0.5420231843550625</x>
          <y>0.17356687320664332</y>
        </point>
        <point>
          <x>0.531452921570686</x>
          <y>0.16705755344668183</y>
        </point>
        <point>
          <x>0.5189080848445742</x>
          <y>0.1603013749961304</y>
        </point>
        <point>
          <x>0.504544049657607</x>
          <y>0.15344038086869022</y>
        </point>
        <point>
          <x>0.4885414313160932</x>
          <y>0.14662826279096686</y>
        </point>
        <point>
          <x>0.4710804773380451</x>
          <y>0.1399854444203138</y>
        </point>
        <point>
          <x>0.45237029553598457</x>
          <y>0.13363077480276128</y>
        </point>
        <point>
          <x>0.43262964830664963</x>
          <y>0.12764784078639863</y>
        </point>
        <point>
          <x>0.4120853262906015</x>
          <y>0.12210821271811431</y>
        </point>
        <point>
          <x>0.39096894742050975</x>
          <y>0.11706582984582653</y>
        </point>
        <point>
          <x>0.369514962792463</x>
          <y>0.11254697794597074</y>
        </point>
        <point>
          <x>0.3479614439716307</x>
          <y>0.10856471947075463</y>
        </point>
        <point>
          <x>0.32653565284500885</x>
          <y>0.10511968085381976</y>
        </point>
        <point>
          <x>0.30545126018706914</x>
          <y>0.10217559999047447</y>
        </point>
        <point>
          <x>0.2849263445470257</x>
          <y>0.09969742159905412</y>
        </point>
        <point>
          <x>0.26514734274523316</x>
          <y>0.09762721248945039</y>
        </point>
        <point>
          <x>0.2463031052480998</x>
          <y>0.09589822392206965</y>
        </point>
        <point>
          <x>0.2285452261954046</x>
          <y>0.0944240302005903</y>
        </point>
        <point>
          <x>0.2120265065499535</x>
          <y>0.09311379785394808</y>
        </point>
        <point>
          <x>0.19686810554569253</x>
          <y>0.09185381550263502</y>
        </point>
        <point>
          <x>0.18311756052710862</x>
          <y>0.0904012360184426</y>
        </point>
        <point>
          <x>0.17061220334609073</x>
          <y>0.08869256902737488</y>
        </point>
        <point>
          <x>0.1592805153848194</x>
          <y>0.08690249917874368</y>
        </point>
        <point>
          <x>0.14922503055633246</x>
          <y>0.08510648161867669</y>
        </point>
        <point>
          <x>0.1405459208566828</x>
          <y>0.08333668105153721</y>
        </point>
        <point>
          <x>0.13333816320151906</x>
          <y>0.08160962521140679</y>
        </point>
        <point>
          <x>0.12770198131596322</x>
          <y>0.0799053728113991</y>
        </point>
        <point>
          <x>0.12375559781240388</x>
          <y>0.078242077925988</y>
        </point>
        <point>
          <x>0.12181201074182198</x>
          <y>0.07625530899084056</y>
        </point>
        <point>
          <x>0.12151691437053488</x>
          <y>0.07352586184378802</y>
        </point>
        <point>
          <x>0.12223685337251669</x>
          <y>0.0702214502109515</y>
        </point>
        <point>
          <x>0.12392985327198106</x>
          <y>0.06663382626007347</y>
        </point>
        <point>
          <x>0.12655808303772603</x>
          <y>0.06291846893017207</y>
        </point>
        <point>
          <x>0.13009614765711588</x>
          <y>0.05922004748209157</y>
        </point>
        <point>
          <x>0.13451587068316453</x>
          <y>0.05565877865690926</y>
        </point>
        <point>
          <x>0.13986762830859115</x>
          <y>0.052362171862933383</y>
        </point>
        <point>
          <x>0.14619429145779483</x>
          <y>0.04934670310517642</y>
        </point>
        <point>
          <x>0.1534273298635825</x>
          <y>0.046603085587718765</y>
        </point>
        <point>
          <x>0.16150655756181198</x>
          <y>0.04419539007394181</y>
        </point>
        <point>
          <x>0.1703798168321646</x>
          <y>0.04217567082602609</y>
        </point>
        <point>
          <x>0.1799929558256331</x>
          <y>0.040585959733639994</y>
        </point>
        <point>
          <x>0.19028820222412923</x>
          <y>0.03948151201067966</y>
        </point>
        <point>
          <x>0.20121623147075368</x>
          <y>0.03888672844784306</y>
        </point>
        <point>
          <x>0.21270604792319042</x>
          <y>0.03885324378994539</y>
        </point>
        <point>
          <x>0.22467542674358415</x>
          <y>0.0394390946852331</y>
        </point>
        <point>
          <x>0.23708900227585605</x>
          <y>0.04073883853198949</y>
        </point>
        <point>
          <x>0.24993150533802053</x>
          <y>0.04279093847987102</y>
        </point>
        <point>
          <x>0.2632453356080423</x>
          <y>0.045682814447137135</y>
        </point>
        <point>
          <x>0.2771154993581269</x>
          <y>0.049380882305308425</y>
        </point>
        <point>
          <x>0.29151733146741815</x>
          <y>0.05369833744573412</y>
        </point>
        <point>
          <x>0.3063618891354023</x>
          <y>0.05859661326061971</y>
        </point>
        <point>
          <x>0.32159874444029113</x>
          <y>0.06400030633290654</y>
        </point>
        <point>
          <x>0.3371546432809218</x>
          <y>0.06981354898314623</y>
        </point>
        <point>
          <x>0.352938700457161</x>
          <y>0.07593564623978243</y>
        </point>
        <point>
          <x>0.3688219354075152</x>
          <y>0.08228390201852555</y>
        </point>
        <point>
          <x>0.38467295392443707</x>
          <y>0.08878443578457115</y>
        </point>
        <point>
          <x>0.40035952276564857</x>
          <y>0.09540104284710965</y>
        </point>
        <point>
          <x>0.41577265438561145</x>
          <y>0.10209914485572376</y>
        </point>
        <point>
          <x>0.4308057748848416</x>
          <y>0.10883534791051097</y>
        </point>
        <point>
          <x>0.44536752781677147</x>
          <y>0.11557990095316203</y>
        </point>
        <point>
          <x>0.45937138402694117</x>
          <y>0.12228542182639712</y>
        </point>
        <point>
          <x>0.4727328084895796</x>
          <y>0.1289145507454487</y>
        </point>
        <point>
          <x>0.48537088664799666</x>
          <y>0.13541670460132144</y>
        </point>
        <point>
          <x>0.4972111058489335</x>
          <y>0.14175252948055916</y>
        </point>
        <point>
          <x>0.5081833612138738</x>
          <y>0.1478838782927326</y>
        </point>
        <point>
          <x>0.5182231624620706</x>
          <y>0.15376940299569705</y>
        </point>
        <point>
          <x>0.5272792426370052</x>
          <y>0.15937137601638862</y>
        </point>
        <point>
          <x>0.5352991279591317</x>
          <y>0.16465647755648605</y>
        </point>
        <point>
          <x>0.5422403670214163</x>
          <y>0.16958939368897946</y>
        </point>
        <point>
          <x>0.5480781395157959</x>
          <y>0.17413963777896696</y>
        </point>
        <point>
          <x>0.5527587648396973</x>
          <y>0.17827829780286988</y>
        </point>
        <point>
          <x>0.5562789385832672</x>
          <y>0.18210397114541785</y>
        </point>
        <point>
          <x>0.5588498144167847</x>
          <y>0.18569342323390364</y>
        </point>
        <point>
          <x>0.5608039121607522</x>
          <y>0.18880128415111364</y>
        </point>
      </coordinates>
    </element>
  </elements>
</airfoil>
