<airfoil>
  <elements>
    <element>
      <coordinates>
        <point>
          <x>0.11193970892132862</x>
          <y>-0.016619901536080804</y>
        </point>
        <point>
          <x>0.11070065783025311</x>
          <y>-0.017123711659544558</y>
        </point>
        <point>
          <x>0.10881454870868702</x>
          <y>-0.01773035701421663</y>
        </point>
        <point>
          <x>0.10629229941758174</x>
          <y>-0.018291684611898174</y>
        </point>
        <point>
          <x>0.10322683374084327</x>
          <y>-0.01873005903808914</y>
        </point>
        <point>
          <x>0.09968507136665068</x>
          <y>-0.01902860459031503</y>
        </point>
        <point>
          <x>0.09571668153777983</x>
          <y>-0.01917027082805134</y>
        </point>
        <point>
          <x>0.09137826609609495</x>
          <y>-0.019137851522845122</y>
        </point>
        <point>
          <x>0.08672303531952663</x>
          <y>-0.018921715147167194</y>
        </point>
        <point>
          <x>0.08181064577118714</x>
          <y>-0.018515459632786363</y>
        </point>
        <point>
          <x>0.07669945717710372</x>
          <y>-0.017921710237408562</y>
        </point>
        <point>
          <x>0.07144847136513889</x>
          <y>-0.01714663957060177</y>
        </point>
        <point>
          <x>0.06611604174461279</x>
          <y>-0.016200933904902525</y>
        </point>
        <point>
          <x>0.06075842068128955</x>
          <y>-0.015101887902664587</y>
        </point>
        <point>
          <x>0.055431374227026535</x>
          <y>-0.013870181473468137</y>
        </point>
        <point>
          <x>0.05018695897718343</x>
          <y>-0.012528265044470778</y>
        </point>
        <point>
          <x>0.04507045471595985</x>
          <y>-0.011105677429846994</y>
        </point>
        <point>
          <x>0.040128269643297576</x>
          <y>-0.009632119548406886</y>
        </point>
        <point>
          <x>0.03539729831929441</x>
          <y>-0.00813938072910202</y>
        </point>
        <point>
          <x>0.030914111094776885</x>
          <y>-0.006661507132368237</y>
        </point>
        <point>
          <x>0.026704798369621047</x>
          <y>-0.005233342808405079</y>
        </point>
        <point>
          <x>0.022795288439067318</x>
          <y>-0.003890860223154227</y>
        </point>
        <point>
          <x>0.019201995958512144</x>
          <y>-0.0026721202526988237</y>
        </point>
        <point>
          <x>0.01591165361466346</x>
          <y>-0.0016374089285719699</y>
        </point>
        <point>
          <x>0.01288073319077745</x>
          <y>-0.0007850799375886574</y>
        </point>
        <point>
          <x>0.01011023889820384</x>
          <y>-6.805771114302319e-05</y>
        </point>
        <point>
          <x>0.007631130592594488</x>
          <y>0.0005207271876602072</y>
        </point>
        <point>
          <x>0.005469523940654244</x>
          <y>0.0009786747679439072</y>
        </point>
        <point>
          <x>0.0036487914636968207</x>
          <y>0.0013001240008757681</y>
        </point>
        <point>
          <x>0.00218988043020882</x>
          <y>0.0014705486363219798</y>
        </point>
        <point>
          <x>0.001121643335579034</x>
          <y>0.0014823487065299913</y>
        </point>
        <point>
          <x>0.00047945894781985216</x>
          <y>0.0012210300073935449</y>
        </point>
        <point>
          <x>0.00014059099323718614</x>
          <y>0.0006259086273735022</y>
        </point>
        <point>
          <x>-2.3212546429716722e-05</x>
          <y>-0.0002016685252791031</y>
        </point>
        <point>
          <x>7.450351435968447e-06</x>
          <y>-0.001190779680152244</y>
        </point>
        <point>
          <x>0.00023938176482309387</x>
          <y>-0.0023020923909066247</y>
        </point>
        <point>
          <x>0.000681154289297931</x>
          <y>-0.0034999836677006126</y>
        </point>
        <point>
          <x>0.0013382731657643697</x>
          <y>-0.004754148390132034</y>
        </point>
        <point>
          <x>0.002234940388835826</x>
          <y>-0.006040422463830686</y>
        </point>
        <point>
          <x>0.0033826022205693256</x>
          <y>-0.0073592985194106285</y>
        </point>
        <point>
          <x>0.004764656634104001</x>
          <y>-0.008706088155853279</y>
        </point>
        <point>
          <x>0.006373703666566135</x>
          <y>-0.010060149363821663</y>
        </point>
        <point>
          <x>0.008202985456917286</x>
          <y>-0.011404387485840856</y>
        </point>
        <point>
          <x>0.010244291519105636</x>
          <y>-0.012723802591284585</y>
        </point>
        <point>
          <x>0.012489897680986227</x>
          <y>-0.014000009502300164</y>
        </point>
        <point>
          <x>0.014930945037964757</x>
          <y>-0.015222521951229882</y>
        </point>
        <point>
          <x>0.017556324170669844</x>
          <y>-0.016372468446314195</y>
        </point>
        <point>
          <x>0.020352993037517062</x>
          <y>-0.017428396455038023</y>
        </point>
        <point>
          <x>0.02332226110900579</x>
          <y>-0.01836515662180304</y>
        </point>
        <point>
          <x>0.026464458911114458</x>
          <y>-0.019172431100294356</y>
        </point>
        <point>
          <x>0.029797977938402977</x>
          <y>-0.019834434703536418</y>
        </point>
        <point>
          <x>0.03333892758711813</x>
          <y>-0.020367302094604828</y>
        </point>
        <point>
          <x>0.037063093229232104</x>
          <y>-0.020811319397531003</y>
        </point>
        <point>
          <x>0.040946291820253077</x>
          <y>-0.021166467662193333</y>
        </point>
        <point>
          <x>0.044969489763785904</x>
          <y>-0.021444984723705346</y>
        </point>
        <point>
          <x>0.049106396655075685</x>
          <y>-0.021661521036593256</y>
        </point>
        <point>
          <x>0.053326208426399</x>
          <y>-0.021830078636840805</y>
        </point>
        <point>
          <x>0.05759119472765114</x>
          <y>-0.021956754333529543</y>
        </point>
        <point>
          <x>0.06186394941799865</x>
          <y>-0.022045388104256748</y>
        </point>
        <point>
          <x>0.06611062002517733</x>
          <y>-0.02209111680995381</y>
        </point>
        <point>
          <x>0.070302834050998</x>
          <y>-0.022091016250472356</y>
        </point>
        <point>
          <x>0.07441189478800037</x>
          <y>-0.022044419057148303</y>
        </point>
        <point>
          <x>0.0784139434009638</x>
          <y>-0.021949049448375765</y>
        </point>
        <point>
          <x>0.08228447263612527</x>
          <y>-0.021807145305517413</y>
        </point>
        <point>
          <x>0.08600042786473512</x>
          <y>-0.02161884978308727</y>
        </point>
        <point>
          <x>0.08953826814413679</x>
          <y>-0.021387691282825767</y>
        </point>
        <point>
          <x>0.09287703357242928</x>
          <y>-0.021115265584260298</y>
        </point>
        <point>
          <x>0.0959968926634537</x>
          <y>-0.02080333057155388</y>
        </point>
        <point>
          <x>0.09887898024215774</x>
          <y>-0.020454934649247292</y>
        </point>
        <point>
          <x>0.10150781638071547</x>
          <y>-0.020073612535788172</y>
        </point>
        <point>
          <x>0.10386808325593658</x>
          <y>-0.019661770533882017</y>
        </point>
        <point>
          <x>0.10594655777147936</x>
          <y>-0.0192232675712477</y>
        </point>
        <point>
          <x>0.10773453049397083</x>
          <y>-0.018762610994146594</y>
        </point>
        <point>
          <x>0.10921684570485624</x>
          <y>-0.018281078689542044</y>
        </point>
        <point>
          <x>0.1104025496801943</x>
          <y>-0.01775578445002721</y>
        </point>
        <point>
          <x>0.11134758320989244</x>
          <y>-0.017190157739778916</y>
        </point>
        <point>
          <x>0.11210362814638142</x>
          <y>-0.016673393936083886</y>
        </point>
      </coordinates>
    </element>
    <element>
      <coordinates>
        <point>
          <x>0.5360275293581416</x>
          <y>0.2191492890459398</y>
        </point>
        <point>
          <x>0.532602621919108</x>
          <y>0.21502365557024747</y>
        </point>
        <point>
          <x>0.5270858069223558</x>
          <y>0.2093098702992725</y>
        </point>
        <point>
          <x>0.5192352406432423</x>
          <y>0.20255213733052882</y>
        </point>
        <point>
          <x>0.5092323456140889</x>
          <y>0.19520068916680366</y>
        </point>
        <point>
          <x>0.4972816582331422</x>
          <y>0.18744182669454768</y>
        </point>
        <point>
          <x>0.48352642503360393</x>
          <y>0.1794298165288327</y>
        </point>
        <point>
          <x>0.4681340958882827</x>
          <y>0.17133259787233737</y>
        </point>
        <point>
          <x>0.4512744731038183</x>
          <y>0.16328492309669157</y>
        </point>
        <point>
          <x>0.4331462514226221</x>
          <y>0.15542233397530109</y>
        </point>
        <point>
          <x>0.41396062984354576</x>
          <y>0.14784601711935577</y>
        </point>
        <point>
          <x>0.39393779085688285</x>
          <y>0.14064583898626948</y>
        </point>
        <point>
          <x>0.37330416908114705</x>
          <y>0.13389448845234822</y>
        </point>
        <point>
          <x>0.35229128293190476</x>
          <y>0.12763732499018093</y>
        </point>
        <point>
          <x>0.33113533992088756</x>
          <y>0.12190682488652563</y>
        </point>
        <point>
          <x>0.3100627904381061</x>
          <y>0.11672218654142133</y>
        </point>
        <point>
          <x>0.28928955412157087</x>
          <y>0.11206473242769313</y>
        </point>
        <point>
          <x>0.26903584500456956</x>
          <y>0.10791734805022116</y>
        </point>
        <point>
          <x>0.24949221105433889</x>
          <y>0.10423753147161449</y>
        </point>
        <point>
          <x>0.23085232630222532</x>
          <y>0.10097419196392832</y>
        </point>
        <point>
          <x>0.21327434128619271</x>
          <y>0.09805358272016881</y>
        </point>
        <point>
          <x>0.1969179695762598</x>
          <y>0.09539766253806514</y>
        </point>
        <point>
          <x>0.1819132586763943</x>
          <y>0.09290300277307556</y>
        </point>
        <point>
          <x>0.1683274347364582</x>
          <y>0.09033145395202252</y>
        </point>
        <point>
          <x>0.15600356286414582</x>
          <y>0.08760644327570813</y>
        </point>
        <point>
          <x>0.14485608676881725</x>
          <y>0.08489622579021402</y>
        </point>
        <point>
          <x>0.13498103040712428</x>
          <y>0.08228438428174009</y>
        </point>
        <point>
          <x>0.12647560183838275</x>
          <y>0.0798111628828283</y>
        </point>
        <point>
          <x>0.11943310942751943</x>
          <y>0.0775007964760796</y>
        </point>
        <point>
          <x>0.11395507140062419</x>
          <y>0.07534160174982407</y>
        </point>
        <point>
          <x>0.1101578311310638</x>
          <y>0.07336133435166069</y>
        </point>
        <point>
          <x>0.10838312445152767</x>
          <y>0.07122236317275014</y>
        </point>
        <point>
          <x>0.10831209240933358</x>
          <y>0.06847792916081222</y>
        </point>
        <point>
          <x>0.10929969168217465</x>
          <y>0.06524341280097049</y>
        </point>
        <point>
          <x>0.11128024338074695</x>
          <y>0.06180615964739242</y>
        </point>
        <point>
          <x>0.11420333577840251</x>
          <y>0.0583180365668277</y>
        </point>
        <point>
          <x>0.11803183503521236</x>
          <y>0.05492115330430507</y>
        </point>
        <point>
          <x>0.12272783368096855</x>
          <y>0.0517330215643583</y>
        </point>
        <point>
          <x>0.12833111806133696</x>
          <y>0.04888484141062514</y>
        </point>
        <point>
          <x>0.13488306909703252</x>
          <y>0.046396537558932596</y>
        </point>
        <point>
          <x>0.14231614479479032</x>
          <y>0.044253253319009644</y>
        </point>
        <point>
          <x>0.15056512405218253</x>
          <y>0.04251392612207019</y>
        </point>
        <point>
          <x>0.1595737692582232</x>
          <y>0.0412261732455521</y>
        </point>
        <point>
          <x>0.1692846744707594</x>
          <y>0.040427460144284305</y>
        </point>
        <point>
          <x>0.1796357446514733</x>
          <y>0.04016813545892668</y>
        </point>
        <point>
          <x>0.19057582598643194</x>
          <y>0.040468487063200186</y>
        </point>
        <point>
          <x>0.20202994025148646</x>
          <y>0.04137417450159972</y>
        </point>
        <point>
          <x>0.213911394367824</x>
          <y>0.04293632004506416</y>
        </point>
        <point>
          <x>0.22617721283968062</x>
          <y>0.045246274325577304</y>
        </point>
        <point>
          <x>0.2388090339832843</x>
          <y>0.04834112386857711</y>
        </point>
        <point>
          <x>0.25184197081963305</x>
          <y>0.052311461447265395</y>
        </point>
        <point>
          <x>0.2653634900578186</x>
          <y>0.057130762831198265</y>
        </point>
        <point>
          <x>0.27936427659149915</x>
          <y>0.06261083248697003</y>
        </point>
        <point>
          <x>0.29375883721602275</x>
          <y>0.06870596355559476</y>
        </point>
        <point>
          <x>0.3085030754189496</x>
          <y>0.0753368834176466</y>
        </point>
        <point>
          <x>0.3235318174123427</x>
          <y>0.08240205807553871</y>
        </point>
        <point>
          <x>0.33876271182715745</x>
          <y>0.0897937014034643</y>
        </point>
        <point>
          <x>0.3540739683350799</x>
          <y>0.09741885242289344</y>
        </point>
        <point>
          <x>0.3693406705436864</x>
          <y>0.1051931389458503</y>
        </point>
        <point>
          <x>0.3844339865946672</x>
          <y>0.11306967001068494</y>
        </point>
        <point>
          <x>0.39924811963815254</x>
          <y>0.12100507542074539</y>
        </point>
        <point>
          <x>0.41368039888838254</x>
          <y>0.1289473961888257</y>
        </point>
        <point>
          <x>0.42764220507659545</x>
          <y>0.13685951424649395</y>
        </point>
        <point>
          <x>0.44105117106224945</x>
          <y>0.1446871339442102</y>
        </point>
        <point>
          <x>0.45382609803596957</x>
          <y>0.1523861114550435</y>
        </point>
        <point>
          <x>0.4658904762845461</x>
          <y>0.15989941976623193</y>
        </point>
        <point>
          <x>0.4771732588212132</x>
          <y>0.16718174671967762</y>
        </point>
        <point>
          <x>0.48760769305448187</x>
          <y>0.17418934318933754</y>
        </point>
        <point>
          <x>0.4971328838201953</x>
          <y>0.18087572868594684</y>
        </point>
        <point>
          <x>0.5057008191400277</x>
          <y>0.18719911181640553</y>
        </point>
        <point>
          <x>0.513261924003598</x>
          <y>0.19312199558289064</y>
        </point>
        <point>
          <x>0.5197767752231344</x>
          <y>0.1986057146564123</y>
        </point>
        <point>
          <x>0.525223127191973</x>
          <y>0.20361785583620057</y>
        </point>
        <point>
          <x>0.5295498418676776</x>
          <y>0.2081252165197094</y>
        </point>
        <point>
          <x>0.5327455675534786</x>
          <y>0.21222579416803072</y>
        </point>
        <point>
          <x>0.5350144774897283</x>
          <y>0.2160133549329673</y>
        </point>
        <point>
          <x>0.5367080330878432</x>
          <y>0.21927052654493276</y>
        </point>
      </coordinates>
    </element>
  </elements>
</airfoil>
