<airfoil>
  <elements>
    <element>
      <coordinates>
        <point>
          <x>0.11022256347268726</x>
          <y>-0.02564578058804664</y>
        </point>
        <point>
          <x>0.10894672641620791</x>
          <y>-0.02604741730463781</y>
        </point>
        <point>
          <x>0.10701762177028022</x>
          <y>-0.026499060382587935</y>
        </point>
        <point>
          <x>0.10445814972238254</x>
          <y>-0.026853930773618803</y>
        </point>
        <point>
          <x>0.10136722566174618</x>
          <y>-0.027042186993115527</y>
        </point>
        <point>
          <x>0.09781291769982099</x>
          <y>-0.02705243754408914</y>
        </point>
        <point>
          <x>0.09384611453044622</x>
          <y>-0.02687171739513444</y>
        </point>
        <point>
          <x>0.08952462723620964</x>
          <y>-0.026487468619271794</y>
        </point>
        <point>
          <x>0.08490227204663836</x>
          <y>-0.025894407899409642</y>
        </point>
        <point>
          <x>0.08003902825444298</x>
          <y>-0.02509099366299546</y>
        </point>
        <point>
          <x>0.07499285028416064</x>
          <y>-0.024084576711112613</y>
        </point>
        <point>
          <x>0.06982204478146793</x>
          <y>-0.0228860955934796</y>
        </point>
        <point>
          <x>0.06458390595795474</x>
          <y>-0.02151093504663288</y>
        </point>
        <point>
          <x>0.059333097827376335</x>
          <y>-0.019980895978814115</y>
        </point>
        <point>
          <x>0.05412352507792296</x>
          <y>-0.018321113938378434</y>
        </point>
        <point>
          <x>0.049005251540628035</x>
          <y>-0.016558188241524895</y>
        </point>
        <point>
          <x>0.04402101155335079</x>
          <y>-0.01472523348877553</y>
        </point>
        <point>
          <x>0.03921465100065492</x>
          <y>-0.012855617389174057</y>
        </point>
        <point>
          <x>0.03462036406790319</x>
          <y>-0.010984017423704202</y>
        </point>
        <point>
          <x>0.03027183872341503</x>
          <y>-0.009147334166758649</y>
        </point>
        <point>
          <x>0.026192252798126113</x>
          <y>-0.007382413309443914</y>
        </point>
        <point>
          <x>0.02240453101445044</x>
          <y>-0.005727212089571006</y>
        </point>
        <point>
          <x>0.018921946395601078</x>
          <y>-0.004220997516890925</y>
        </point>
        <point>
          <x>0.015726384894589246</x>
          <y>-0.002922780679359141</y>
        </point>
        <point>
          <x>0.01277459530255779</x>
          <y>-0.0018273896399696732</y>
        </point>
        <point>
          <x>0.010071397335373239</x>
          <y>-0.0008879854412302163</y>
        </point>
        <point>
          <x>0.007648222292569038</x>
          <y>-0.00010003343765965698</y>
        </point>
        <point>
          <x>0.005530888856870027</x>
          <y>0.0005317564214478005</y>
        </point>
        <point>
          <x>0.003742233292027029</x>
          <y>0.0009998457637278584</y>
        </point>
        <point>
          <x>0.0023019554469129273</x>
          <y>0.0012880569517020224</y>
        </point>
        <point>
          <x>0.0012381962102792886</x>
          <y>0.0013864745236930997</y>
        </point>
        <point>
          <x>0.0005769298742681388</x>
          <y>0.0011781116592992997</y>
        </point>
        <point>
          <x>0.00019090193566105606</x>
          <y>0.0006124409262621678</y>
        </point>
        <point>
          <x>-3.949558333700383e-05</x>
          <y>-0.00019912085600677236</y>
        </point>
        <point>
          <x>-8.917136370249929e-05</x>
          <y>-0.0011874595665939268</y>
        </point>
        <point>
          <x>5.184493952793159e-05</x>
          <y>-0.0023139241793639965</y>
        </point>
        <point>
          <x>0.0003949874391615738</x>
          <y>-0.0035437045253385027</y>
        </point>
        <point>
          <x>0.0009482016119883328</x>
          <y>-0.004847041952018027</y>
        </point>
        <point>
          <x>0.001737569903209313</x>
          <y>-0.0062018152918852055</y>
        </point>
        <point>
          <x>0.00277446088839105</x>
          <y>-0.007609444083452373</y>
        </point>
        <point>
          <x>0.004042707584009628</x>
          <y>-0.009063908605485331</y>
        </point>
        <point>
          <x>0.005536608914593281</x>
          <y>-0.010544034587312687</y>
        </point>
        <point>
          <x>0.007250816025809675</x>
          <y>-0.012032235506898192</y>
        </point>
        <point>
          <x>0.00917836229957863</x>
          <y>-0.013512894827092885</y>
        </point>
        <point>
          <x>0.011313040443385014</x>
          <y>-0.01496706137063435</y>
        </point>
        <point>
          <x>0.013646871405061923</x>
          <y>-0.01638356478719156</y>
        </point>
        <point>
          <x>0.016170313251980754</x>
          <y>-0.01774269457393706</y>
        </point>
        <point>
          <x>0.018872107175147323</x>
          <y>-0.019022010917591047</y>
        </point>
        <point>
          <x>0.021755598468629664</x>
          <y>-0.02019655357361148</y>
        </point>
        <point>
          <x>0.02482195356241843</x>
          <y>-0.021256065513136312</y>
        </point>
        <point>
          <x>0.02809078384672334</x>
          <y>-0.022186305508197335</y>
        </point>
        <point>
          <x>0.031576836766555955</x>
          <y>-0.023004661855595278</y>
        </point>
        <point>
          <x>0.03525270945082059</x>
          <y>-0.023749323593753674</y>
        </point>
        <point>
          <x>0.03909430009315801</x>
          <y>-0.02441831008383064</y>
        </point>
        <point>
          <x>0.04308164508221909</x>
          <y>-0.02502227480515926</y>
        </point>
        <point>
          <x>0.04718735220086271</x>
          <y>-0.025573687226055963</y>
        </point>
        <point>
          <x>0.05137958304512981</x>
          <y>-0.026084004380750467</y>
        </point>
        <point>
          <x>0.05562023703526007</x>
          <y>-0.026556242263593783</y>
        </point>
        <point>
          <x>0.05987171980853649</x>
          <y>-0.02699119377552797</y>
        </point>
        <point>
          <x>0.06410068496382451</x>
          <y>-0.02738126566090256</y>
        </point>
        <point>
          <x>0.06827909072499033</x>
          <y>-0.027721241753379977</y>
        </point>
        <point>
          <x>0.07237838909885679</x>
          <y>-0.028008128980031632</y>
        </point>
        <point>
          <x>0.076374984496108</x>
          <y>-0.028237723608606685</y>
        </point>
        <point>
          <x>0.08024426889334135</x>
          <y>-0.028410268093672225</y>
        </point>
        <point>
          <x>0.08396325203090209</x>
          <y>-0.028524034904908072</y>
        </point>
        <point>
          <x>0.08750818432357046</x>
          <y>-0.028580631152107495</y>
        </point>
        <point>
          <x>0.09085804549657897</x>
          <y>-0.02857994706869815</y>
        </point>
        <point>
          <x>0.09399292682186462</x>
          <y>-0.02852212599662937</y>
        </point>
        <point>
          <x>0.09689377800954728</x>
          <y>-0.02840867593307669</y>
        </point>
        <point>
          <x>0.09954488340986022</x>
          <y>-0.028241864200780654</y>
        </point>
        <point>
          <x>0.1019307804815584</x>
          <y>-0.028022846575777333</y>
        </point>
        <point>
          <x>0.10403797666828403</x>
          <y>-0.027754396597850648</y>
        </point>
        <point>
          <x>0.10585742560049739</x>
          <y>-0.027440300240871258</y>
        </point>
        <point>
          <x>0.10737391784547506</x>
          <y>-0.027080601734170744</y>
        </point>
        <point>
          <x>0.1085983264156948</x>
          <y>-0.02665322413956333</y>
        </point>
        <point>
          <x>0.10958612953376315</x>
          <y>-0.026166123587793497</y>
        </point>
        <point>
          <x>0.1103816031100918</x>
          <y>-0.025712393972093902</y>
        </point>
      </coordinates>
    </element>
    <element>
      <coordinates>
        <point>
          <x>0.5602317023400647</x>
          <y>0.23150210229085655</y>
        </point>
        <point>
          <x>0.5564442566495087</x>
          <y>0.2277065657434381</y>
        </point>
        <point>
          <x>0.5504285790251848</x>
          <y>0.22252060271316013</y>
        </point>
        <point>
          <x>0.5419935472517534</x>
          <y>0.21650823339975286</y>
        </point>
        <point>
          <x>0.5313609519628391</x>
          <y>0.21010123593679458</y>
        </point>
        <point>
          <x>0.5187514921401295</x>
          <y>0.20346644892288238</y>
        </point>
        <point>
          <x>0.504321906958697</x>
          <y>0.19674440914607488</y>
        </point>
        <point>
          <x>0.4882542866712422</x>
          <y>0.19008705796206993</y>
        </point>
        <point>
          <x>0.47073003267183416</x>
          <y>0.18361307375655694</y>
        </point>
        <point>
          <x>0.451959390107431</x>
          <y>0.17743928183150665</y>
        </point>
        <point>
          <x>0.4321619179256842</x>
          <y>0.1716471537519353</y>
        </point>
        <point>
          <x>0.4115650869666243</x>
          <y>0.16630606765658784</y>
        </point>
        <point>
          <x>0.3904010249706289</x>
          <y>0.16146772481573218</y>
        </point>
        <point>
          <x>0.36890442581147576</x>
          <y>0.15715614697183344</y>
        </point>
        <point>
          <x>0.34731347603820306</x>
          <y>0.15338209821599905</y>
        </point>
        <point>
          <x>0.32585543299866415</x>
          <y>0.1501440115298377</y>
        </point>
        <point>
          <x>0.3047436075307225</x>
          <y>0.14740356424968967</y>
        </point>
        <point>
          <x>0.2841957296893609</x>
          <y>0.14512359793698187</y>
        </point>
        <point>
          <x>0.2643976684678677</x>
          <y>0.14324438270109005</y>
        </point>
        <point>
          <x>0.24553762130970458</x>
          <y>0.14169735021715124</y>
        </point>
        <point>
          <x>0.22776634115443262</x>
          <y>0.14039461570028403</y>
        </point>
        <point>
          <x>0.21123574516669968</x>
          <y>0.13924387514848763</y>
        </point>
        <point>
          <x>0.19606588944945919</x>
          <y>0.13813025310771002</y>
        </point>
        <point>
          <x>0.1823019652889136</x>
          <y>0.1368104549531619</y>
        </point>
        <point>
          <x>0.16978069933487577</x>
          <y>0.13522256326307294</y>
        </point>
        <point>
          <x>0.15843226227319612</x>
          <y>0.13354194481390144</y>
        </point>
        <point>
          <x>0.14835991149811</x>
          <y>0.13184306162909373</y>
        </point>
        <point>
          <x>0.13966412477827492</x>
          <y>0.13015711010276226</y>
        </point>
        <point>
          <x>0.1324400341233696</x>
          <y>0.12849970052748835</y>
        </point>
        <point>
          <x>0.12678766612664685</x>
          <y>0.1268499252338121</y>
        </point>
        <point>
          <x>0.12282541310846867</x>
          <y>0.12522479642262885</y>
        </point>
        <point>
          <x>0.12086274122243677</x>
          <y>0.123256878596504</y>
        </point>
        <point>
          <x>0.12054131527963258</x>
          <y>0.1205304067077451</y>
        </point>
        <point>
          <x>0.12122932815102225</x>
          <y>0.11721920047819641</y>
        </point>
        <point>
          <x>0.12288762316801391</x>
          <y>0.11361540360418691</y>
        </point>
        <point>
          <x>0.12547987166969374</x>
          <y>0.10987485290997907</y>
        </point>
        <point>
          <x>0.1289820761046465</x>
          <y>0.10614245601865076</y>
        </point>
        <point>
          <x>0.13336722161265163</x>
          <y>0.10253869601750995</y>
        </point>
        <point>
          <x>0.13868691269977682</x>
          <y>0.09919059016897995</y>
        </point>
        <point>
          <x>0.14498417731212848</x>
          <y>0.09611419994104668</y>
        </point>
        <point>
          <x>0.1521903987427437</x>
          <y>0.09330090039164883</y>
        </point>
        <point>
          <x>0.16024601221107543</x>
          <y>0.09081534018603472</y>
        </point>
        <point>
          <x>0.16909936482895593</x>
          <y>0.08871007456318135</y>
        </point>
        <point>
          <x>0.17869671294127154</x>
          <y>0.08702765610274048</y>
        </point>
        <point>
          <x>0.1889808202176485</x>
          <y>0.08582389503572177</y>
        </point>
        <point>
          <x>0.19990259990331982</x>
          <y>0.08512366707329974</y>
        </point>
        <point>
          <x>0.21139155801655385</x>
          <y>0.08497928977122411</y>
        </point>
        <point>
          <x>0.22336603369120697</x>
          <y>0.08544959066930985</y>
        </point>
        <point>
          <x>0.23579157554113409</x>
          <y>0.08662946409400839</y>
        </point>
        <point>
          <x>0.2486532863234359</x>
          <y>0.08855751877430688</y>
        </point>
        <point>
          <x>0.2619944074763962</x>
          <y>0.09132076133532749</y>
        </point>
        <point>
          <x>0.2758996171749638</x>
          <y>0.09488478877302514</y>
        </point>
        <point>
          <x>0.2903424484985229</x>
          <y>0.09906304323547949</y>
        </point>
        <point>
          <x>0.30523359056282806</x>
          <y>0.10381781834451273</y>
        </point>
        <point>
          <x>0.3205218900372162</x>
          <y>0.10907420090127395</y>
        </point>
        <point>
          <x>0.33613317096356843</x>
          <y>0.11473703470503431</y>
        </point>
        <point>
          <x>0.35197558051528866</x>
          <y>0.12070650665471835</y>
        </point>
        <point>
          <x>0.36791934599542553</x>
          <y>0.12690116937635984</y>
        </point>
        <point>
          <x>0.3838323662568545</x>
          <y>0.13324841393023112</y>
        </point>
        <point>
          <x>0.3995820647859965</x>
          <y>0.1397133135637324</y>
        </point>
        <point>
          <x>0.41505912537995526</x>
          <y>0.1462623434325778</y>
        </point>
        <point>
          <x>0.430156560286008</x>
          <y>0.15285314025824284</y>
        </point>
        <point>
          <x>0.44478273016973624</x>
          <y>0.1594568360967884</y>
        </point>
        <point>
          <x>0.4588506525970675</x>
          <y>0.16602688613579797</y>
        </point>
        <point>
          <x>0.47227543590087573</x>
          <y>0.17252674822218045</y>
        </point>
        <point>
          <x>0.4849756810892946</x>
          <y>0.17890662255148676</y>
        </point>
        <point>
          <x>0.4968764991545235</x>
          <y>0.18512787620367976</y>
        </point>
        <point>
          <x>0.5079074203058804</x>
          <y>0.19115304048380893</y>
        </point>
        <point>
          <x>0.5180035581948901</x>
          <y>0.19694139170489122</y>
        </point>
        <point>
          <x>0.5271132841244346</x>
          <y>0.20245569885520345</y>
        </point>
        <point>
          <x>0.5351838051723097</x>
          <y>0.2076631501401418</y>
        </point>
        <point>
          <x>0.5421723310756361</x>
          <y>0.21252884299815644</y>
        </point>
        <point>
          <x>0.5480537484400122</x>
          <y>0.2170225317680442</y>
        </point>
        <point>
          <x>0.5527741001181469</x>
          <y>0.22111582387232057</y>
        </point>
        <point>
          <x>0.5563310334688167</x>
          <y>0.22490734399592432</y>
        </point>
        <point>
          <x>0.5589364332305213</x>
          <y>0.22847181603657912</y>
        </point>
        <point>
          <x>0.5609204355430948</x>
          <y>0.23156067218366705</y>
        </point>
      </coordinates>
    </element>
  </elements>
</airfoil>
