<airfoil>
  <elements>
    <element>
      <coordinates>
        <point>
          <x>0.1110038084600428</x>
          <y>-0.022019856217217446</y>
        </point>
        <point>
          <x>0.10974181889353789</x>
          <y>-0.022463088189025367</y>
        </point>
        <point>
          <x>0.10782855140448665</x>
          <y>-0.02297770816545417</y>
        </point>
        <point>
          <x>0.10528208372300833</x>
          <y>-0.02341626546568572</y>
        </point>
        <point>
          <x>0.10219898930395194</x>
          <y>-0.023705714521623636</y>
        </point>
        <point>
          <x>0.09864692638207175</x>
          <y>-0.02383243926665752</y>
        </point>
        <point>
          <x>0.09467633143509266</x>
          <y>-0.023781813938766067</y>
        </point>
        <point>
          <x>0.09034457295267379</x>
          <y>-0.02353939280521494</y>
        </point>
        <point>
          <x>0.08570526511641403</x>
          <y>-0.023098131752754013</y>
        </point>
        <point>
          <x>0.08081830448300953</x>
          <y>-0.022454524430581047</y>
        </point>
        <point>
          <x>0.07574185524425782</x>
          <y>-0.02161401844298964</y>
        </point>
        <point>
          <x>0.07053455119950641</x>
          <y>-0.020585635673046637</y>
        </point>
        <point>
          <x>0.06525415996565356</x>
          <y>-0.019382874981366822</y>
        </point>
        <point>
          <x>0.05995603064153663</x>
          <y>-0.018025734149274508</y>
        </point>
        <point>
          <x>0.05469486268915595</x>
          <y>-0.01653756869125495</y>
        </point>
        <point>
          <x>0.04952156474612633</x>
          <y>-0.014943322973730397</y>
        </point>
        <point>
          <x>0.044479933408841356</x>
          <y>-0.013274693345770321</y>
        </point>
        <point>
          <x>0.03961488451808165</x>
          <y>-0.011563592702056527</y>
        </point>
        <point>
          <x>0.03496173032269501</x>
          <y>-0.009843559305533165</y>
        </point>
        <point>
          <x>0.030555349980304583</x>
          <y>-0.008150369907918346</y>
        </point>
        <point>
          <x>0.02642011635782607</x>
          <y>-0.006520090839193227</y>
        </point>
        <point>
          <x>0.022580185776562844</x>
          <y>-0.004989907673725942</y>
        </point>
        <point>
          <x>0.01905011096588548</x>
          <y>-0.0035986313541469784</y>
        </point>
        <point>
          <x>0.015813721485180607</x>
          <y>-0.002405834894903896</y>
        </point>
        <point>
          <x>0.012827619865293736</x>
          <y>-0.001407766540276325</y>
        </point>
        <point>
          <x>0.010095088254395224</x>
          <y>-0.0005574545423365163</y>
        </point>
        <point>
          <x>0.007647392462669757</x>
          <y>0.00015066335686490974</y>
        </point>
        <point>
          <x>0.005510491656630169</x>
          <y>0.0007127258526314964</y>
        </point>
        <point>
          <x>0.00370745687717837</x>
          <y>0.0011219469983304957</y>
        </point>
        <point>
          <x>0.002258507555930701</x>
          <y>0.0013628034378456537</y>
        </point>
        <point>
          <x>0.0011920944101116403</x>
          <y>0.0014263072520956277</y>
        </point>
        <point>
          <x>0.0005380116039645184</x>
          <y>0.0011963856717628837</y>
        </point>
        <point>
          <x>0.00017072884154044937</x>
          <y>0.0006183680941528729</y>
        </point>
        <point>
          <x>-3.294889705865711e-05</x>
          <y>-0.00020030822894384048</y>
        </point>
        <point>
          <x>-5.020873754827822e-05</x>
          <y>-0.0011897440216592006</y>
        </point>
        <point>
          <x>0.00012764766088988123</x>
          <y>-0.002310982276061273</y>
        </point>
        <point>
          <x>0.0005109074910111032</x>
          <y>-0.0035288568086037073</y>
        </point>
        <point>
          <x>0.0011065367287350972</x>
          <y>-0.004813364566450398</y>
        </point>
        <point>
          <x>0.0019398788677232395</x>
          <y>-0.0061415415053356764</y>
        </point>
        <point>
          <x>0.003022342897457644</x>
          <y>-0.007514433836995794</y>
        </point>
        <point>
          <x>0.004337573243358271</x>
          <y>-0.008926554888471947</y>
        </point>
        <point>
          <x>0.005879177981351814</x>
          <y>-0.010356928594674584</y>
        </point>
        <point>
          <x>0.007641234794914963</x>
          <y>-0.011788153169287413</y>
        </point>
        <point>
          <x>0.009616269031912794</x>
          <y>-0.013204848769155782</y>
        </point>
        <point>
          <x>0.011797455677047344</x>
          <y>-0.014588277817964101</y>
        </point>
        <point>
          <x>0.014176453895734391</x>
          <y>-0.015927537450105625</y>
        </point>
        <point>
          <x>0.016743080939515043</x>
          <y>-0.017203240452427798</y>
        </point>
        <point>
          <x>0.019485348662381087</x>
          <y>-0.018393328031779448</y>
        </point>
        <point>
          <x>0.02240578257902968</x>
          <y>-0.0194727437204224</y>
        </point>
        <point>
          <x>0.025505212355584762</x>
          <y>-0.020431197773261515</y>
        </point>
        <point>
          <x>0.028802772143261202</x>
          <y>-0.021253813918677672</y>
        </point>
        <point>
          <x>0.03231377130490278</x>
          <y>-0.021957487819111773</y>
        </point>
        <point>
          <x>0.03601207319704955</x>
          <y>-0.022581286031471852</y>
        </point>
        <point>
          <x>0.039873524050737984</x>
          <y>-0.023124018831060047</y>
        </point>
        <point>
          <x>0.04387852010720321</x>
          <y>-0.023596988210722238</y>
        </point>
        <point>
          <x>0.04800009250452149</x>
          <y>-0.024013554622791294</y>
        </point>
        <point>
          <x>0.05220679540322118</x>
          <y>-0.02438621233715079</y>
        </point>
        <point>
          <x>0.05646064752679572</x>
          <y>-0.02471922433807617</y>
        </point>
        <point>
          <x>0.06072410068996321</x>
          <y>-0.02501461512106892</y>
        </point>
        <point>
          <x>0.0649635775611143</x>
          <y>-0.025265888317759336</y>
        </point>
        <point>
          <x>0.06915088048496217</x>
          <y>-0.025468749532226317</y>
        </point>
        <point>
          <x>0.0732573787149954</x>
          <y>-0.025621142857322716</y>
        </point>
        <point>
          <x>0.07725935157347512</x>
          <y>-0.025719640079576722</y>
        </point>
        <point>
          <x>0.08113221220021313</x>
          <y>-0.025765289963064437</y>
        </point>
        <point>
          <x>0.0848529260706329</x>
          <y>-0.025757119328700336</y>
        </point>
        <point>
          <x>0.08839780902332091</x>
          <y>-0.02569751273055982</y>
        </point>
        <point>
          <x>0.09174584847686228</x>
          <y>-0.025587049325168986</y>
        </point>
        <point>
          <x>0.094877151094229</x>
          <y>-0.02542652481466625</y>
        </point>
        <point>
          <x>0.09777272623716789</x>
          <y>-0.025218070691189337</y>
        </point>
        <point>
          <x>0.10041694100058655</x>
          <y>-0.02496446808371294</y>
        </point>
        <point>
          <x>0.10279437902500498</x>
          <y>-0.02466737887682477</y>
        </point>
        <point>
          <x>0.10489164589410475</x>
          <y>-0.024330017290724152</y>
        </point>
        <point>
          <x>0.10669982416911548</x>
          <y>-0.023956463728059735</y>
        </point>
        <point>
          <x>0.10820371403616941</x>
          <y>-0.023547260829032243</y>
        </point>
        <point>
          <x>0.10941345917506025</x>
          <y>-0.023079987189576736</y>
        </point>
        <point>
          <x>0.11038476874319923</x>
          <y>-0.022560776567149145</y>
        </point>
        <point>
          <x>0.11116494568778224</x>
          <y>-0.02208122186751507</y>
        </point>
      </coordinates>
    </element>
    <element>
      <coordinates>
        <point>
          <x>0.5513829680076849</x>
          <y>0.2184154443694606</y>
        </point>
        <point>
          <x>0.5478936093993138</x>
          <y>0.2143441768710167</y>
        </point>
        <point>
          <x>0.5422876285612288</x>
          <y>0.208717848701222</y>
        </point>
        <point>
          <x>0.5343317691542069</x>
          <y>0.2020843996077789</y>
        </point>
        <point>
          <x>0.5242145110810128</x>
          <y>0.19489115359859874</y>
        </point>
        <point>
          <x>0.5121432949889426</x>
          <y>0.18732117223805053</y>
        </point>
        <point>
          <x>0.4982637755067382</x>
          <y>0.17952645054883615</y>
        </point>
        <point>
          <x>0.4827460226084776</x>
          <y>0.1716722738588498</y>
        </point>
        <point>
          <x>0.46576193655597686</x>
          <y>0.1638907077767395</y>
        </point>
        <point>
          <x>0.4475123188876709</x>
          <y>0.15631415288846376</y>
        </point>
        <point>
          <x>0.42820993362541493</x>
          <y>0.1490404622389626</y>
        </point>
        <point>
          <x>0.4080763491649737</x>
          <y>0.14215602885572173</y>
        </point>
        <point>
          <x>0.3873391151438224</x>
          <y>0.1357299719957175</y>
        </point>
        <point>
          <x>0.366230434619374</x>
          <y>0.129804004949735</y>
        </point>
        <point>
          <x>0.3449869965803237</x>
          <y>0.12440688568067736</y>
        </point>
        <point>
          <x>0.32383552530834026</x>
          <y>0.1195542493349105</y>
        </point>
        <point>
          <x>0.3029916200449482</x>
          <y>0.11522402540827162</y>
        </point>
        <point>
          <x>0.28267519847429945</x>
          <y>0.11139563870702546</y>
        </point>
        <point>
          <x>0.2630761166708101</x>
          <y>0.10802359622613464</y>
        </point>
        <point>
          <x>0.24438722132975121</x>
          <y>0.10505376807530714</y>
        </point>
        <point>
          <x>0.22676548378360312</x>
          <y>0.10240992968514873</y>
        </point>
        <point>
          <x>0.21036937067527373</x>
          <y>0.1000115380436378</y>
        </point>
        <point>
          <x>0.195327287037935</x>
          <y>0.0977531323274507</y>
        </point>
        <point>
          <x>0.1817027058641638</x>
          <y>0.0953955353930027</y>
        </point>
        <point>
          <x>0.16933750757583244</x>
          <y>0.09286465167353883</y>
        </point>
        <point>
          <x>0.1581487922322761</x>
          <y>0.09033006076464109</y>
        </point>
        <point>
          <x>0.1482338862375296</x>
          <y>0.08787382516369811</y>
        </point>
        <point>
          <x>0.13969061846159347</x>
          <y>0.08553465545317013</y>
        </point>
        <point>
          <x>0.13261266682049624</x>
          <y>0.08333531626678047</y>
        </point>
        <point>
          <x>0.1271013532710593</x>
          <y>0.08126252938680642</y>
        </point>
        <point>
          <x>0.12327344325287513</x>
          <y>0.0793422175564816</y>
        </point>
        <point>
          <x>0.12146532117478706</x>
          <y>0.07723141769545014</y>
        </point>
        <point>
          <x>0.12135114232576291</x>
          <y>0.07448843997273064</y>
        </point>
        <point>
          <x>0.12228775746923506</x>
          <y>0.07123879376447678</y>
        </point>
        <point>
          <x>0.12421401427886074</x>
          <y>0.06777082188225646</y>
        </point>
        <point>
          <x>0.12708189533230402</x>
          <y>0.06423716512845297</y>
        </point>
        <point>
          <x>0.13085650602376622</x>
          <y>0.060780499598422716</y>
        </point>
        <point>
          <x>0.13550179141433158</x>
          <y>0.05751891855353054</y>
        </point>
        <point>
          <x>0.1410595960210312</x>
          <y>0.05458298020452719</y>
        </point>
        <point>
          <x>0.14757160895971064</x>
          <y>0.051991956098315174</y>
        </point>
        <point>
          <x>0.15497006297010518</x>
          <y>0.0497320534637363</y>
        </point>
        <point>
          <x>0.1631906717913013</x>
          <y>0.04786322803160714</y>
        </point>
        <point>
          <x>0.1721779535362952</x>
          <y>0.04643397551528984</y>
        </point>
        <point>
          <x>0.1818750984963109</x>
          <y>0.045482659432464406</y>
        </point>
        <point>
          <x>0.1922208110312898</x>
          <y>0.04506059862869279</y>
        </point>
        <point>
          <x>0.20316426267416599</x>
          <y>0.04518888285114578</y>
        </point>
        <point>
          <x>0.21463120245699902</x>
          <y>0.04591434501410275</y>
        </point>
        <point>
          <x>0.2265357519057386</x>
          <y>0.04728946429624266</y>
        </point>
        <point>
          <x>0.23883637730572482</x>
          <y>0.04940625581451123</y>
        </point>
        <point>
          <x>0.25151530242048264</x>
          <y>0.052302090242126745</y>
        </point>
        <point>
          <x>0.2646090604799541</x>
          <y>0.056066997007111374</y>
        </point>
        <point>
          <x>0.27820469029130623</x>
          <y>0.060673079764777774</y>
        </point>
        <point>
          <x>0.2922899185687481</x>
          <y>0.06593231272844789</y>
        </point>
        <point>
          <x>0.30677854394838855</x>
          <y>0.0718003390512619</y>
        </point>
        <point>
          <x>0.3216252288263758</x>
          <y>0.07819858932265202</y>
        </point>
        <point>
          <x>0.3367632108743768</x>
          <y>0.08502656694160338</y>
        </point>
        <point>
          <x>0.35210845399354906</x>
          <y>0.09217779406539105</y>
        </point>
        <point>
          <x>0.3675377211240939</x>
          <y>0.09956123633406133</y>
        </point>
        <point>
          <x>0.3829247845853577</x>
          <y>0.10709449627291512</y>
        </point>
        <point>
          <x>0.3981400910985213</x>
          <y>0.11473271456912684</y>
        </point>
        <point>
          <x>0.41307717490832935</x>
          <y>0.12243419001938116</y>
        </point>
        <point>
          <x>0.42763256088038176</x>
          <y>0.13014858453510816</y>
        </point>
        <point>
          <x>0.4417170570299327</x>
          <y>0.13784017815470265</y>
        </point>
        <point>
          <x>0.4552474526139461</x>
          <y>0.14545597714605013</y>
        </point>
        <point>
          <x>0.46814186471115854</x>
          <y>0.15295311997271832</y>
        </point>
        <point>
          <x>0.48032289633158887</x>
          <y>0.16027578977039292</y>
        </point>
        <point>
          <x>0.4917187967496557</x>
          <y>0.1673797971808694</y>
        </point>
        <point>
          <x>0.5022621336824049</x>
          <y>0.17422244815637067</y>
        </point>
        <point>
          <x>0.5118912885999369</x>
          <y>0.18075822551691983</y>
        </point>
        <point>
          <x>0.5205575983002346</x>
          <y>0.18694609801382267</y>
        </point>
        <point>
          <x>0.5282109042708529</x>
          <y>0.1927493528410121</y>
        </point>
        <point>
          <x>0.5348111801950292</x>
          <y>0.19812994937064893</y>
        </point>
        <point>
          <x>0.5403356735265097</x>
          <y>0.20305582821660395</y>
        </point>
        <point>
          <x>0.5447327304424221</x>
          <y>0.2074945950154375</y>
        </point>
        <point>
          <x>0.5479925416369249</x>
          <y>0.21154441361446064</y>
        </point>
        <point>
          <x>0.5503207295570463</x>
          <y>0.21529582799513108</y>
        </point>
        <point>
          <x>0.5520652940302693</x>
          <y>0.21852596611485103</y>
        </point>
      </coordinates>
    </element>
  </elements>
</airfoil>
