<airfoil>
  <elements>
    <element>
      <coordinates>
        <point>
          <x>0.11198994930571134</x>
          <y>-0.01627792416019331</y>
        </point>
        <point>
          <x>0.11075244279219128</x>
          <y>-0.016785516393974916</y>
        </point>
        <point>
          <x>0.10886819535820254</x>
          <y>-0.017397919702511772</y>
        </point>
        <point>
          <x>0.10634767230692214</x>
          <y>-0.01796694844200053</y>
        </point>
        <point>
          <x>0.1032835598653065</x>
          <y>-0.01841468374096203</y>
        </point>
        <point>
          <x>0.0997427258655712</x>
          <y>-0.018724045581399153</y>
        </point>
        <point>
          <x>0.09577478724128627</x>
          <y>-0.018877831896485106</y>
        </point>
        <point>
          <x>0.09143629301694692</x>
          <y>-0.018858663657805287</y>
        </point>
        <point>
          <x>0.086780423804506</x>
          <y>-0.01865674686146347</y>
        </point>
        <point>
          <x>0.08186681633483642</x>
          <y>-0.018265497258770715</y>
        </point>
        <point>
          <x>0.07675383808013025</x>
          <y>-0.017687361845825027</y>
        </point>
        <point>
          <x>0.0715005094461727</x>
          <y>-0.016928332992854574</y>
        </point>
        <point>
          <x>0.06616521620940857</x>
          <y>-0.015998918692481007</y>
        </point>
        <point>
          <x>0.06080426329667374</x>
          <y>-0.014916241713581068</y>
        </point>
        <point>
          <x>0.055473479662798794</x>
          <y>-0.01370081154182659</y>
        </point>
        <point>
          <x>0.05022499023114907</x>
          <y>-0.012374919502080861</y>
        </point>
        <point>
          <x>0.04510416479575237</x>
          <y>-0.010967965971720253</y>
        </point>
        <point>
          <x>0.04015750205623488</x>
          <y>-0.009509509985456223</y>
        </point>
        <point>
          <x>0.0354219934954306</x>
          <y>-0.008031228036114583</y>
        </point>
        <point>
          <x>0.030934313281503294</x>
          <y>-0.006567054427717868</y>
        </point>
        <point>
          <x>0.026720658117561306</x>
          <y>-0.005151753359469493</y>
        </point>
        <point>
          <x>0.02280706604937784</x>
          <y>-0.0038212179361712395</y>
        </point>
        <point>
          <x>0.01921006790593391</x>
          <y>-0.0026134587207392304</y>
        </point>
        <point>
          <x>0.015916580568740957</x>
          <y>-0.001588801986144819</y>
        </point>
        <point>
          <x>0.012883070995720723</x>
          <y>-0.0007457343760478769</y>
        </point>
        <point>
          <x>0.010110399609620244</x>
          <y>-3.7177474239949347e-05</y>
        </point>
        <point>
          <x>0.007629504529347968</x>
          <y>0.00054403268455016</y>
        </point>
        <point>
          <x>0.0054665092410013955</x>
          <y>0.0009953758872136439</y>
        </point>
        <point>
          <x>0.003644803447476011</x>
          <y>0.0013112625185167873</y>
        </point>
        <point>
          <x>0.0021853786873881763</x>
          <y>0.0014772303757740475</y>
        </point>
        <point>
          <x>0.0011171105342901082</x>
          <y>0.0014857676514778715</y>
        </point>
        <point>
          <x>0.0004757272932742746</x>
          <y>0.0012224887337042958</y>
        </point>
        <point>
          <x>0.00013867861131607742</x>
          <y>0.0006263351179388271</y>
        </point>
        <point>
          <x>-2.2596477654989524e-05</x>
          <y>-0.00020173848318451182</y>
        </point>
        <point>
          <x>1.1087340594043231e-05</x>
          <y>-0.0011907513700510919</y>
        </point>
        <point>
          <x>0.00024641197838984785</x>
          <y>-0.002301350504053218</y>
        </point>
        <point>
          <x>0.0006918411872505431</x>
          <y>-0.003497886878048483</y>
        </point>
        <point>
          <x>0.0013527876208220462</x>
          <y>-0.004750038698216114</y>
        </point>
        <point>
          <x>0.0022533793559172005</x>
          <y>-0.0060335680622270425</y>
        </point>
        <point>
          <x>0.0034050641058547557</x>
          <y>-0.007348932637833848</y>
        </point>
        <point>
          <x>0.004791225601329417</x>
          <y>-0.008691494753813384</y>
        </point>
        <point>
          <x>0.006404400866652507</x>
          <y>-0.010040635098977586</y>
        </point>
        <point>
          <x>0.008237779859728418</x>
          <y>-0.011379279736268585</y>
        </point>
        <point>
          <x>0.010283106318193003</x>
          <y>-0.012692453882490145</y>
        </point>
        <point>
          <x>0.012532599951687387</x>
          <y>-0.013961796037650936</y>
        </point>
        <point>
          <x>0.014977369868507038</x>
          <y>-0.015176847040948183</y>
        </point>
        <point>
          <x>0.017606249061497985</x>
          <y>-0.016318769420385272</y>
        </point>
        <point>
          <x>0.020406130026979722</x>
          <y>-0.017366150578098666</y>
        </point>
        <point>
          <x>0.023378245415127594</x>
          <y>-0.01829383727625415</y>
        </point>
        <point>
          <x>0.026522894236359087</x>
          <y>-0.019091510707131318</y>
        </point>
        <point>
          <x>0.02985841968641284</x>
          <y>-0.01974332958384767</y>
        </point>
        <point>
          <x>0.03340098036684154</x>
          <y>-0.020265379290945084</y>
        </point>
        <point>
          <x>0.03712648480933778</x>
          <y>-0.020698019723799945</y>
        </point>
        <point>
          <x>0.04101075002433058</x>
          <y>-0.021041305795170363</y>
        </point>
        <point>
          <x>0.04503477988248824</x>
          <y>-0.02130753341780867</y>
        </point>
        <point>
          <x>0.049172328848883576</x>
          <y>-0.021511433277251725</y>
        </point>
        <point>
          <x>0.05339263576619594</x>
          <y>-0.021667101429696016</y>
        </point>
        <point>
          <x>0.057657989081926694</x>
          <y>-0.02178074989640217</y>
        </point>
        <point>
          <x>0.06193099455824738</x>
          <y>-0.021856332887434094</y>
        </point>
        <point>
          <x>0.06617778502720707</x>
          <y>-0.021889090682738945</y>
        </point>
        <point>
          <x>0.07036997919151149</x>
          <y>-0.021876185754537734</y>
        </point>
        <point>
          <x>0.07447887843919626</x>
          <y>-0.02181703838624819</y>
        </point>
        <point>
          <x>0.07848061709536058</x>
          <y>-0.021709445679431703</y>
        </point>
        <point>
          <x>0.08235069485576334</x>
          <y>-0.021555720358043103</y>
        </point>
        <point>
          <x>0.08606605763643192</x>
          <y>-0.021356075992175604</y>
        </point>
        <point>
          <x>0.08960317538138846</x>
          <y>-0.021114112868717512</y>
        </point>
        <point>
          <x>0.09294109316052201</x>
          <y>-0.020831490778030582</y>
        </point>
        <point>
          <x>0.09605998494931994</x>
          <y>-0.020510028167811667</y>
        </point>
        <point>
          <x>0.09894099497153297</x>
          <y>-0.020152831048691096</y>
        </point>
        <point>
          <x>0.10156865416770688</x>
          <y>-0.019763481403304455</y>
        </point>
        <point>
          <x>0.10392765213572254</x>
          <y>-0.019344432308688982</y>
        </point>
        <point>
          <x>0.10600477762732242</x>
          <y>-0.01889958306215046</y>
        </point>
        <point>
          <x>0.10779133501664254</x>
          <y>-0.01843346759033506</y>
        </point>
        <point>
          <x>0.10927217255889884</x>
          <y>-0.017947410064681653</y>
        </point>
        <point>
          <x>0.11045626658612014</x>
          <y>-0.017418496754300027</y>
        </point>
        <point>
          <x>0.11139956810196672</x>
          <y>-0.01684998624621636</y>
        </point>
        <point>
          <x>0.11215403114915533</x>
          <y>-0.016330915648679882</y>
        </point>
      </coordinates>
    </element>
    <element>
      <coordinates>
        <point>
          <x>0.552382968007685</x>
          <y>0.2124154443694606</y>
        </point>
        <point>
          <x>0.5488936093993138</x>
          <y>0.2083441768710167</y>
        </point>
        <point>
          <x>0.5432876285612288</x>
          <y>0.202717848701222</y>
        </point>
        <point>
          <x>0.5353317691542069</x>
          <y>0.19608439960777893</y>
        </point>
        <point>
          <x>0.5252145110810128</x>
          <y>0.18889115359859876</y>
        </point>
        <point>
          <x>0.5131432949889425</x>
          <y>0.18132117223805055</y>
        </point>
        <point>
          <x>0.4992637755067382</x>
          <y>0.17352645054883617</y>
        </point>
        <point>
          <x>0.4837460226084776</x>
          <y>0.1656722738588498</y>
        </point>
        <point>
          <x>0.46676193655597686</x>
          <y>0.15789070777673953</y>
        </point>
        <point>
          <x>0.4485123188876709</x>
          <y>0.15031415288846378</y>
        </point>
        <point>
          <x>0.42920993362541493</x>
          <y>0.14304046223896263</y>
        </point>
        <point>
          <x>0.4090763491649737</x>
          <y>0.13615602885572176</y>
        </point>
        <point>
          <x>0.3883391151438224</x>
          <y>0.12972997199571754</y>
        </point>
        <point>
          <x>0.367230434619374</x>
          <y>0.12380400494973504</y>
        </point>
        <point>
          <x>0.3459869965803237</x>
          <y>0.11840688568067737</y>
        </point>
        <point>
          <x>0.32483552530834026</x>
          <y>0.11355424933491051</y>
        </point>
        <point>
          <x>0.3039916200449482</x>
          <y>0.10922402540827164</y>
        </point>
        <point>
          <x>0.28367519847429945</x>
          <y>0.10539563870702547</y>
        </point>
        <point>
          <x>0.2640761166708101</x>
          <y>0.10202359622613463</y>
        </point>
        <point>
          <x>0.24538722132975122</x>
          <y>0.09905376807530715</y>
        </point>
        <point>
          <x>0.22776548378360312</x>
          <y>0.09640992968514875</y>
        </point>
        <point>
          <x>0.21136937067527373</x>
          <y>0.09401153804363782</y>
        </point>
        <point>
          <x>0.196327287037935</x>
          <y>0.0917531323274507</y>
        </point>
        <point>
          <x>0.1827027058641638</x>
          <y>0.08939553539300271</y>
        </point>
        <point>
          <x>0.17033750757583244</x>
          <y>0.08686465167353884</y>
        </point>
        <point>
          <x>0.1591487922322761</x>
          <y>0.08433006076464111</y>
        </point>
        <point>
          <x>0.1492338862375296</x>
          <y>0.08187382516369812</y>
        </point>
        <point>
          <x>0.14069061846159348</x>
          <y>0.07953465545317014</y>
        </point>
        <point>
          <x>0.13361266682049625</x>
          <y>0.07733531626678047</y>
        </point>
        <point>
          <x>0.1281013532710593</x>
          <y>0.07526252938680643</y>
        </point>
        <point>
          <x>0.12427344325287513</x>
          <y>0.07334221755648161</y>
        </point>
        <point>
          <x>0.12246532117478706</x>
          <y>0.07123141769545015</y>
        </point>
        <point>
          <x>0.12235114232576291</x>
          <y>0.06848843997273063</y>
        </point>
        <point>
          <x>0.12328775746923507</x>
          <y>0.06523879376447679</y>
        </point>
        <point>
          <x>0.12521401427886072</x>
          <y>0.061770821882256466</y>
        </point>
        <point>
          <x>0.12808189533230402</x>
          <y>0.05823716512845298</y>
        </point>
        <point>
          <x>0.13185650602376622</x>
          <y>0.054780499598422724</y>
        </point>
        <point>
          <x>0.13650179141433158</x>
          <y>0.05151891855353055</y>
        </point>
        <point>
          <x>0.14205959602103121</x>
          <y>0.0485829802045272</y>
        </point>
        <point>
          <x>0.14857160895971064</x>
          <y>0.04599195609831518</y>
        </point>
        <point>
          <x>0.15597006297010518</x>
          <y>0.043732053463736306</y>
        </point>
        <point>
          <x>0.1641906717913013</x>
          <y>0.04186322803160715</y>
        </point>
        <point>
          <x>0.1731779535362952</x>
          <y>0.04043397551528985</y>
        </point>
        <point>
          <x>0.1828750984963109</x>
          <y>0.039482659432464415</y>
        </point>
        <point>
          <x>0.1932208110312898</x>
          <y>0.0390605986286928</y>
        </point>
        <point>
          <x>0.20416426267416599</x>
          <y>0.03918888285114579</y>
        </point>
        <point>
          <x>0.21563120245699902</x>
          <y>0.03991434501410276</y>
        </point>
        <point>
          <x>0.2275357519057386</x>
          <y>0.04128946429624267</y>
        </point>
        <point>
          <x>0.23983637730572482</x>
          <y>0.04340625581451124</y>
        </point>
        <point>
          <x>0.25251530242048265</x>
          <y>0.04630209024212675</y>
        </point>
        <point>
          <x>0.2656090604799541</x>
          <y>0.05006699700711138</y>
        </point>
        <point>
          <x>0.27920469029130623</x>
          <y>0.05467307976477778</y>
        </point>
        <point>
          <x>0.2932899185687481</x>
          <y>0.0599323127284479</y>
        </point>
        <point>
          <x>0.30777854394838855</x>
          <y>0.06580033905126191</y>
        </point>
        <point>
          <x>0.3226252288263758</x>
          <y>0.07219858932265202</y>
        </point>
        <point>
          <x>0.3377632108743768</x>
          <y>0.07902656694160337</y>
        </point>
        <point>
          <x>0.35310845399354907</x>
          <y>0.08617779406539106</y>
        </point>
        <point>
          <x>0.3685377211240939</x>
          <y>0.09356123633406134</y>
        </point>
        <point>
          <x>0.3839247845853577</x>
          <y>0.10109449627291514</y>
        </point>
        <point>
          <x>0.3991400910985213</x>
          <y>0.10873271456912685</y>
        </point>
        <point>
          <x>0.41407717490832935</x>
          <y>0.11643419001938117</y>
        </point>
        <point>
          <x>0.42863256088038176</x>
          <y>0.12414858453510817</y>
        </point>
        <point>
          <x>0.4427170570299327</x>
          <y>0.13184017815470267</y>
        </point>
        <point>
          <x>0.4562474526139461</x>
          <y>0.13945597714605013</y>
        </point>
        <point>
          <x>0.46914186471115854</x>
          <y>0.14695311997271832</y>
        </point>
        <point>
          <x>0.48132289633158887</x>
          <y>0.1542757897703929</y>
        </point>
        <point>
          <x>0.4927187967496557</x>
          <y>0.16137979718086942</y>
        </point>
        <point>
          <x>0.5032621336824048</x>
          <y>0.16822244815637066</y>
        </point>
        <point>
          <x>0.5128912885999369</x>
          <y>0.17475822551691983</y>
        </point>
        <point>
          <x>0.5215575983002346</x>
          <y>0.18094609801382266</y>
        </point>
        <point>
          <x>0.529210904270853</x>
          <y>0.18674935284101213</y>
        </point>
        <point>
          <x>0.5358111801950292</x>
          <y>0.19212994937064892</y>
        </point>
        <point>
          <x>0.5413356735265098</x>
          <y>0.19705582821660395</y>
        </point>
        <point>
          <x>0.5457327304424221</x>
          <y>0.2014945950154375</y>
        </point>
        <point>
          <x>0.548992541636925</x>
          <y>0.20554441361446066</y>
        </point>
        <point>
          <x>0.5513207295570464</x>
          <y>0.20929582799513108</y>
        </point>
        <point>
          <x>0.5530652940302694</x>
          <y>0.21252596611485106</y>
        </point>
      </coordinates>
    </element>
  </elements>
</airfoil>
